ARVI,DNWVI,EVI,GNDVI,ID,IPVI,NDVI,NWVI,OSAVI,TGI,patca,date
0.5470380337252928,-0.5338279202363495,0.4390895081794515,0.600498771203518,"0      1148
1      1150
2      1412
3      1414
4      1660
       ... 
430    4045
431    4055
432    4078
433    4080
434    4084
Name: cuest_id_b, Length: 435, dtype: int640      11
1      11
2      21
3      21
4      11
       ..
430    12
431    11
432    12
433    11
434    11
Name: parcela, Length: 435, dtype: int64",0.816946480685847,0.6338929613716936,-0.10017512289477894,0.4452536889825546,0.017249030126109302,1,2014-08-05
0.548676319060654,-0.47116267338706,0.4559746321418485,0.6040430389842881,"0      1148
1      1150
2      1412
3      1414
4      1660
       ... 
430    4045
431    4055
432    4078
433    4080
434    4084
Name: cuest_id_b, Length: 435, dtype: int640      11
1      11
2      21
3      21
4      11
       ..
430    12
431    11
432    12
433    11
434    11
Name: parcela, Length: 435, dtype: int64",0.8216290636785352,0.6432581273570701,-0.18655515521861699,0.45863269838940396,0.02092305735602705,0,2014-08-05
0.36594098940663483,-0.5214196925075837,0.33114929942796634,0.5253705712254977,"0      1148
1      1150
2      1412
3      1414
4      1660
       ... 
430    4045
431    4055
432    4078
433    4080
434    4084
Name: cuest_id_b, Length: 435, dtype: int640      11
1      11
2      21
3      21
4      11
       ..
430    12
431    11
432    12
433    11
434    11
Name: parcela, Length: 435, dtype: int64",0.7508255241547092,0.5016510483094185,-0.006885401729138907,0.35166752572085747,0.012584267024253736,0,2014-08-05
0.1600138155621717,-0.4060463117502342,0.19426387095589182,0.3327097454252038,"0      1148
1      1150
2      1412
3      1414
4      1660
       ... 
430    4045
431    4055
432    4078
433    4080
434    4084
Name: cuest_id_b, Length: 435, dtype: int640      11
1      11
2      21
3      21
4      11
       ..
430    12
431    11
432    12
433    11
434    11
Name: parcela, Length: 435, dtype: int64",0.6438989017344934,0.2877978034689868,0.08477103526972447,0.19936706928892445,0.005140149696403556,0,2014-08-05
0.09678735850429658,-0.4702716224496298,0.15779032445222652,0.3274117411188858,"0      1148
1      1150
2      1412
3      1414
4      1660
       ... 
430    4045
431    4055
432    4078
433    4080
434    4084
Name: cuest_id_b, Length: 435, dtype: int640      11
1      11
2      21
3      21
4      11
       ..
430    12
431    11
432    12
433    11
434    11
Name: parcela, Length: 435, dtype: int64",0.6247154337242584,0.2494308674485167,0.1689444599437155,0.17132200073412043,0.002587810810810813,0,2014-08-05
0.1569426789657549,-0.4723844141269829,0.17774270099359749,0.35980533759459227,"0      1148
1      1150
2      1412
3      1414
4      1660
       ... 
430    4045
431    4055
432    4078
433    4080
434    4084
Name: cuest_id_b, Length: 435, dtype: int640      11
1      11
2      21
3      21
4      11
       ..
430    12
431    11
432    12
433    11
434    11
Name: parcela, Length: 435, dtype: int64",0.6493754341397093,0.29875086827941855,0.1359554894443083,0.19833323387291552,0.0038237207837648725,0,2014-08-05
0.06044671180246852,-0.40355940210057156,0.15579853379706,0.25338825989415314,"0      1148
1      1150
2      1412
3      1414
4      1660
       ... 
430    4045
431    4055
432    4078
433    4080
434    4084
Name: cuest_id_b, Length: 435, dtype: int640      11
1      11
2      21
3      21
4      11
       ..
430    12
431    11
432    12
433    11
434    11
Name: parcela, Length: 435, dtype: int64",0.595877577380634,0.19175515476126792,0.1672169156742424,0.14239392095687647,0.0018379347167171852,0,2014-08-05
0.1335798827179495,-0.4435374352257574,0.21330542646571762,0.3480449591265411,"0      1148
1      1150
2      1412
3      1414
4      1660
       ... 
430    4045
431    4055
432    4078
433    4080
434    4084
Name: cuest_id_b, Length: 435, dtype: int640      11
1      11
2      21
3      21
4      11
       ..
430    12
431    11
432    12
433    11
434    11
Name: parcela, Length: 435, dtype: int64",0.6453960275219169,0.2907920550438336,0.11289559897626224,0.2136576292547441,0.011020972832722837,0,2014-08-05
0.09493321340199966,-0.4341454281552999,0.19264660095857758,0.31320117674125736,"0      1148
1      1150
2      1412
3      1414
4      1660
       ... 
430    4045
431    4055
432    4078
433    4080
434    4084
Name: cuest_id_b, Length: 435, dtype: int640      11
1      11
2      21
3      21
4      11
       ..
430    12
431    11
432    12
433    11
434    11
Name: parcela, Length: 435, dtype: int64",0.6244514553900131,0.24890291078002616,0.13974548073933332,0.18589931842362026,0.00857332939674434,0,2014-08-05
0.25374534644384183,-0.43193726471436766,0.32226605548252873,0.4441233899488459,"0      1148
1      1150
2      1412
3      1414
4      1660
       ... 
430    4045
431    4055
432    4078
433    4080
434    4084
Name: cuest_id_b, Length: 435, dtype: int640      11
1      11
2      21
3      21
4      11
       ..
430    12
431    11
432    12
433    11
434    11
Name: parcela, Length: 435, dtype: int64",0.6983050629771502,0.3966101259543001,-0.016413804808999694,0.3012300056692753,0.011178646509455997,0,2014-08-05
0.1397828096712312,-0.44050208324907947,0.24350925717127206,0.42612149809732625,"0      1148
1      1150
2      1412
3      1414
4      1660
       ... 
430    4045
431    4055
432    4078
433    4080
434    4084
Name: cuest_id_b, Length: 435, dtype: int640      11
1      11
2      21
3      21
4      11
       ..
430    12
431    11
432    12
433    11
434    11
Name: parcela, Length: 435, dtype: int64",0.6584621019041025,0.31692420380820485,0.017632581648004738,0.24177296695107256,0.0018210285714285585,0,2014-08-05
0.14800044629133086,-0.4302698752686909,0.18016869722147433,0.34742868539066357,"0      1148
1      1150
2      1412
3      1414
4      1660
       ... 
430    4045
431    4055
432    4078
433    4080
434    4084
Name: cuest_id_b, Length: 435, dtype: int640      11
1      11
2      21
3      21
4      11
       ..
430    12
431    11
432    12
433    11
434    11
Name: parcela, Length: 435, dtype: int64",0.6449645878227251,0.2899291756454498,0.09733892584712785,0.19613613348665013,0.004759802007938364,0,2014-08-05
0.13787661108537191,-0.45503323021603176,0.21664575790280297,0.35562395830377375,"0      1148
1      1150
2      1412
3      1414
4      1660
       ... 
430    4045
431    4055
432    4078
433    4080
434    4084
Name: cuest_id_b, Length: 435, dtype: int640      11
1      11
2      21
3      21
4      11
       ..
430    12
431    11
432    12
433    11
434    11
Name: parcela, Length: 435, dtype: int64",0.6485867304503026,0.29717346090060465,0.11869736359822851,0.218203640007816,0.011301549719887966,0,2014-08-05
0.48467622792549303,-0.52145857670926,0.4341465349514953,0.5835149092631565,"0      1148
1      1150
2      1412
3      1414
4      1660
       ... 
430    4045
431    4055
432    4078
433    4080
434    4084
Name: cuest_id_b, Length: 435, dtype: int640      11
1      11
2      21
3      21
4      11
       ..
430    12
431    11
432    12
433    11
434    11
Name: parcela, Length: 435, dtype: int64",0.7985123924834387,0.5970247849668769,-0.08878298716986166,0.4326808034357819,0.018889927755767897,0,2014-08-05
0.14806177574533042,-0.47631000002612883,0.20584179160027583,0.3403134443405195,"0      1148
1      1150
2      1412
3      1414
4      1660
       ... 
430    4045
431    4055
432    4078
433    4080
434    4084
Name: cuest_id_b, Length: 435, dtype: int640      11
1      11
2      21
3      21
4      11
       ..
430    12
431    11
432    12
433    11
434    11
Name: parcela, Length: 435, dtype: int64",0.6467885428841532,0.2935770857683064,0.16238278288224894,0.20976144788549678,0.00980165853658536,0,2014-08-05
0.24855503948197838,-0.6005602511810342,0.2922782028486115,0.5659965023100414,"0      1148
1      1150
2      1412
3      1414
4      1660
       ... 
430    4045
431    4055
432    4078
433    4080
434    4084
Name: cuest_id_b, Length: 435, dtype: int640      11
1      11
2      21
3      21
4      11
       ..
430    12
431    11
432    12
433    11
434    11
Name: parcela, Length: 435, dtype: int64",0.724352061108234,0.44870412221646855,0.050236539522596275,0.32647648962758474,0.006426430270522383,0,2014-08-05
0.2597453941232472,-0.4904495354597842,0.23147034788539733,0.44815385947534225,"0      1148
1      1150
2      1412
3      1414
4      1660
       ... 
430    4045
431    4055
432    4078
433    4080
434    4084
Name: cuest_id_b, Length: 435, dtype: int640      11
1      11
2      21
3      21
4      11
       ..
430    12
431    11
432    12
433    11
434    11
Name: parcela, Length: 435, dtype: int64",0.7028441795946522,0.40568835918930446,0.05399654288502581,0.26667780265244423,0.008288634117921231,0,2014-08-05
0.2587322998097977,-0.4885621877166326,0.256965079613752,0.4464033792673634,"0      1148
1      1150
2      1412
3      1414
4      1660
       ... 
430    4045
431    4055
432    4078
433    4080
434    4084
Name: cuest_id_b, Length: 435, dtype: int640      11
1      11
2      21
3      21
4      11
       ..
430    12
431    11
432    12
433    11
434    11
Name: parcela, Length: 435, dtype: int64",0.7014675414270871,0.4029350828541747,0.05259192212141542,0.2779914946768886,0.009181624154814643,0,2014-08-05
0.4723387541940453,-0.5228269210714142,0.42316546653059756,0.5739858676069496,"0      1148
1      1150
2      1412
3      1414
4      1660
       ... 
430    4045
431    4055
432    4078
433    4080
434    4084
Name: cuest_id_b, Length: 435, dtype: int640      11
1      11
2      21
3      21
4      11
       ..
430    12
431    11
432    12
433    11
434    11
Name: parcela, Length: 435, dtype: int64",0.7932993665312095,0.586598733062419,-0.07336983780956131,0.4237343556477249,0.01891229114219115,1,2014-08-05
0.5786653467228966,-0.511382776560098,0.5102815099510262,0.6348035597360069,"0      1148
1      1150
2      1412
3      1414
4      1660
       ... 
430    4045
431    4055
432    4078
433    4080
434    4084
Name: cuest_id_b, Length: 435, dtype: int640      11
1      11
2      21
3      21
4      11
       ..
430    12
431    11
432    12
433    11
434    11
Name: parcela, Length: 435, dtype: int64",0.8298293267650085,0.659658653530017,-0.18372433523606796,0.48379580485751794,0.0163401880733945,0,2014-08-05
0.16835199312648078,-0.4752981720668383,0.21328735726797013,0.3706668530328025,"0      1148
1      1150
2      1412
3      1414
4      1660
       ... 
430    4045
431    4055
432    4078
433    4080
434    4084
Name: cuest_id_b, Length: 435, dtype: int640      11
1      11
2      21
3      21
4      11
       ..
430    12
431    11
432    12
433    11
434    11
Name: parcela, Length: 435, dtype: int64",0.6591252850492145,0.31825057009842855,0.1269970355760855,0.22417834595443253,0.008910237517498839,0,2014-08-05
0.5787212954726874,-0.4919377105981252,0.33411319470105316,0.6006332944213802,"0      1148
1      1150
2      1412
3      1414
4      1660
       ... 
430    4045
431    4055
432    4078
433    4080
434    4084
Name: cuest_id_b, Length: 435, dtype: int640      11
1      11
2      21
3      21
4      11
       ..
430    12
431    11
432    12
433    11
434    11
Name: parcela, Length: 435, dtype: int64",0.8224401715408052,0.6448803430816109,-0.15422670485572065,0.3947142244612844,0.01081019185059423,1,2014-08-05
0.40443237026593953,-0.5431306458345776,0.34543637777362357,0.5409090246994378,"0      1148
1      1150
2      1412
3      1414
4      1660
       ... 
430    4045
431    4055
432    4078
433    4080
434    4084
Name: cuest_id_b, Length: 435, dtype: int640      11
1      11
2      21
3      21
4      11
       ..
430    12
431    11
432    12
433    11
434    11
Name: parcela, Length: 435, dtype: int64",0.7650745157384592,0.5301490314769182,0.00040089397450373496,0.3680109619092163,0.01321022595704949,1,2014-08-05
0.5934611118697074,-0.36656267145225463,0.41542863183604467,0.6186156113321214,"0      1148
1      1150
2      1412
3      1414
4      1660
       ... 
430    4045
431    4055
432    4078
433    4080
434    4084
Name: cuest_id_b, Length: 435, dtype: int640      11
1      11
2      21
3      21
4      11
       ..
430    12
431    11
432    12
433    11
434    11
Name: parcela, Length: 435, dtype: int64",0.8334385180797224,0.6668770361594442,-0.32805979180961004,0.4463378735791947,0.015738503850641777,0,2014-08-05
0.4599103312593594,-0.5326486691853092,0.4332447733580967,0.5591311982959332,"0      1148
1      1150
2      1412
3      1414
4      1660
       ... 
430    4045
431    4055
432    4078
433    4080
434    4084
Name: cuest_id_b, Length: 435, dtype: int640      11
1      11
2      21
3      21
4      11
       ..
430    12
431    11
432    12
433    11
434    11
Name: parcela, Length: 435, dtype: int64",0.7843782832684413,0.5687565665368826,-0.03793970368466666,0.4175726185263382,0.017902884534639604,1,2014-08-05
0.4621124300167115,-0.5551070081310205,0.37885901908539793,0.5751965239289791,"0      1148
1      1150
2      1412
3      1414
4      1660
       ... 
430    4045
431    4055
432    4078
433    4080
434    4084
Name: cuest_id_b, Length: 435, dtype: int640      11
1      11
2      21
3      21
4      11
       ..
430    12
431    11
432    12
433    11
434    11
Name: parcela, Length: 435, dtype: int64",0.7886218156322832,0.5772436312645665,-0.030064472021177964,0.4010476536144297,0.014158121233356696,1,2014-08-05
0.6585619531396251,-0.5339492755264565,0.5213941665789884,0.6823410258540706,"0      1148
1      1150
2      1412
3      1414
4      1660
       ... 
430    4045
431    4055
432    4078
433    4080
434    4084
Name: cuest_id_b, Length: 435, dtype: int640      11
1      11
2      21
3      21
4      11
       ..
430    12
431    11
432    12
433    11
434    11
Name: parcela, Length: 435, dtype: int64",0.8658266183470832,0.7316532366941664,-0.2348294149349859,0.5217746887112914,0.019594986231038513,0,2014-08-05
0.5113067229530921,-0.4893190883464543,0.44398136370328267,0.5828743606408183,"0      1148
1      1150
2      1412
3      1414
4      1660
       ... 
430    4045
431    4055
432    4078
433    4080
434    4084
Name: cuest_id_b, Length: 435, dtype: int640      11
1      11
2      21
3      21
4      11
       ..
430    12
431    11
432    12
433    11
434    11
Name: parcela, Length: 435, dtype: int64",0.8008030022122333,0.6016060044244664,-0.13172753393391626,0.43293672287808854,0.015364418978782934,1,2014-08-05
0.35936122865506726,-0.5212069258218066,0.3008860021814953,0.5130953430397202,"0      1148
1      1150
2      1412
3      1414
4      1660
       ... 
430    4045
431    4055
432    4078
433    4080
434    4084
Name: cuest_id_b, Length: 435, dtype: int640      11
1      11
2      21
3      21
4      11
       ..
430    12
431    11
432    12
433    11
434    11
Name: parcela, Length: 435, dtype: int64",0.743759459912482,0.487518919824964,0.006957082758717498,0.33002540335622427,0.009595613762193513,0,2014-08-05
0.6877045928138643,-0.5133180029437687,0.4510344925048248,0.6771627937127643,"0      1148
1      1150
2      1412
3      1414
4      1660
       ... 
430    4045
431    4055
432    4078
433    4080
434    4084
Name: cuest_id_b, Length: 435, dtype: int640      11
1      11
2      21
3      21
4      11
       ..
430    12
431    11
432    12
433    11
434    11
Name: parcela, Length: 435, dtype: int64",0.8744364385208773,0.7488728770417541,-0.2518796290204783,0.49554520067388436,0.01815645809012375,1,2014-08-05
0.48942324139791676,-0.3062678599815607,0.19426899324834013,0.4896985893813627,"0      1148
1      1150
2      1412
3      1414
4      1660
       ... 
430    4045
431    4055
432    4078
433    4080
434    4084
Name: cuest_id_b, Length: 435, dtype: int640      11
1      11
2      21
3      21
4      11
       ..
430    12
431    11
432    12
433    11
434    11
Name: parcela, Length: 435, dtype: int64",0.7644534617556561,0.5289069235113126,-0.21691534775232746,0.2640836997350848,0.004156078964401296,1,2014-08-05
0.5189399138025673,-0.42219948635807625,0.41547301565017364,0.5790680377761602,"0      1148
1      1150
2      1412
3      1414
4      1660
       ... 
430    4045
431    4055
432    4078
433    4080
434    4084
Name: cuest_id_b, Length: 435, dtype: int640      11
1      11
2      21
3      21
4      11
       ..
430    12
431    11
432    12
433    11
434    11
Name: parcela, Length: 435, dtype: int64",0.806123961455634,0.6122479229112681,-0.21243364670568884,0.4275772121061163,0.017992217533224532,1,2014-08-05
0.43463840866742837,-0.48672064561638484,0.276627273606358,0.5500969512306948,"0      1148
1      1150
2      1412
3      1414
4      1660
       ... 
430    4045
431    4055
432    4078
433    4080
434    4084
Name: cuest_id_b, Length: 435, dtype: int640      11
1      11
2      21
3      21
4      11
       ..
430    12
431    11
432    12
433    11
434    11
Name: parcela, Length: 435, dtype: int64",0.7738060050371774,0.5476120100743549,-0.08758707747279991,0.3350681969212261,0.009333329444703687,1,2014-08-05
0.47000258515732973,-0.5215626562559896,0.4237491611093466,0.5679376986973385,"0      1148
1      1150
2      1412
3      1414
4      1660
       ... 
430    4045
431    4055
432    4078
433    4080
434    4084
Name: cuest_id_b, Length: 435, dtype: int640      11
1      11
2      21
3      21
4      11
       ..
430    12
431    11
432    12
433    11
434    11
Name: parcela, Length: 435, dtype: int64",0.7857188393809231,0.5714376787618461,-0.07060830099996872,0.41342631424459286,0.013963537654464914,0,2014-08-05
0.5549585906081518,-0.515282609737366,0.45450221592703977,0.6224916594493187,"0      1148
1      1150
2      1412
3      1414
4      1660
       ... 
430    4045
431    4055
432    4078
433    4080
434    4084
Name: cuest_id_b, Length: 435, dtype: int640      11
1      11
2      21
3      21
4      11
       ..
430    12
431    11
432    12
433    11
434    11
Name: parcela, Length: 435, dtype: int64",0.8289440830125483,0.6578881660250967,-0.15786933805646963,0.4672304454896596,0.021162323227611943,0,2014-08-05
0.5993573701246733,-0.5483962763491238,0.4687619367950599,0.6551604595228653,"0      1148
1      1150
2      1412
3      1414
4      1660
       ... 
430    4045
431    4055
432    4078
433    4080
434    4084
Name: cuest_id_b, Length: 435, dtype: int640      11
1      11
2      21
3      21
4      11
       ..
430    12
431    11
432    12
433    11
434    11
Name: parcela, Length: 435, dtype: int64",0.8466397517995541,0.6932795035991076,-0.17022250767858962,0.4871076739760433,0.01950293467102194,1,2014-08-05
0.5288906131064106,-0.5580122421668487,0.44881937663611415,0.6336766580929736,"0      1148
1      1150
2      1412
3      1414
4      1660
       ... 
430    4045
431    4055
432    4078
433    4080
434    4084
Name: cuest_id_b, Length: 435, dtype: int640      11
1      11
2      21
3      21
4      11
       ..
430    12
431    11
432    12
433    11
434    11
Name: parcela, Length: 435, dtype: int64",0.8188253672609429,0.6376507345218857,-0.11721690337402944,0.4566049320852612,0.01513540859210833,1,2014-08-05
0.3138467799812366,-0.49807212272359364,0.3002867284858515,0.4984924185167521,"0      1148
1      1150
2      1412
3      1414
4      1660
       ... 
430    4045
431    4055
432    4078
433    4080
434    4084
Name: cuest_id_b, Length: 435, dtype: int640      11
1      11
2      21
3      21
4      11
       ..
430    12
431    11
432    12
433    11
434    11
Name: parcela, Length: 435, dtype: int64",0.7290104047396544,0.45802080947930857,-0.0015046725614777491,0.3209696796109531,0.010212983442164182,0,2014-08-05
0.6643661717235129,-0.447415260959015,0.5647585852358681,0.6500677891505376,"0      1148
1      1150
2      1412
3      1414
4      1660
       ... 
430    4045
431    4055
432    4078
433    4080
434    4084
Name: cuest_id_b, Length: 435, dtype: int640      11
1      11
2      21
3      21
4      11
       ..
430    12
431    11
432    12
433    11
434    11
Name: parcela, Length: 435, dtype: int64",0.8569600161285815,0.7139200322571629,-0.28652897268271355,0.5218274298809551,0.021013042269967308,0,2014-08-05
0.6004241592513556,-0.5208901587196901,0.47434857972025246,0.6586697632702968,"0      1148
1      1150
2      1412
3      1414
4      1660
       ... 
430    4045
431    4055
432    4078
433    4080
434    4084
Name: cuest_id_b, Length: 435, dtype: int640      11
1      11
2      21
3      21
4      11
       ..
430    12
431    11
432    12
433    11
434    11
Name: parcela, Length: 435, dtype: int64",0.8518933814320173,0.7037867628640345,-0.2112870682510244,0.4971923882715005,0.023110982038721715,0,2014-08-05
0.6373536219900972,-0.537543393420967,0.4997564215661982,0.6667571778627286,"0      1148
1      1150
2      1412
3      1414
4      1660
       ... 
430    4045
431    4055
432    4078
433    4080
434    4084
Name: cuest_id_b, Length: 435, dtype: int640      11
1      11
2      21
3      21
4      11
       ..
430    12
431    11
432    12
433    11
434    11
Name: parcela, Length: 435, dtype: int64",0.850867783143708,0.7017355662874156,-0.20165071532156764,0.4962329783944272,0.014028541297246856,1,2014-08-05
0.6267538124381037,-0.5110885632543668,0.4954107784110783,0.6521272058536278,"0      1148
1      1150
2      1412
3      1414
4      1660
       ... 
430    4045
431    4055
432    4078
433    4080
434    4084
Name: cuest_id_b, Length: 435, dtype: int640      11
1      11
2      21
3      21
4      11
       ..
430    12
431    11
432    12
433    11
434    11
Name: parcela, Length: 435, dtype: int64",0.8513140791103276,0.7026281582206553,-0.21286489999394584,0.4978917654629115,0.01990261599440429,0,2014-08-05
0.3127463044135948,-0.5688875157193395,0.28129007725824595,0.5055488958120783,"0      1148
1      1150
2      1412
3      1414
4      1660
       ... 
430    4045
431    4055
432    4078
433    4080
434    4084
Name: cuest_id_b, Length: 435, dtype: int640      11
1      11
2      21
3      21
4      11
       ..
430    12
431    11
432    12
433    11
434    11
Name: parcela, Length: 435, dtype: int64",0.7293574935065567,0.4587149870131131,0.0880793363867185,0.31249613739290477,0.008328401958498488,1,2014-08-05
0.4127170722585748,-0.3092105902322176,0.250611343093604,0.45888292000891734,"0      1148
1      1150
2      1412
3      1414
4      1660
       ... 
430    4045
431    4055
432    4078
433    4080
434    4084
Name: cuest_id_b, Length: 435, dtype: int640      11
1      11
2      21
3      21
4      11
       ..
430    12
431    11
432    12
433    11
434    11
Name: parcela, Length: 435, dtype: int64",0.7331771681131862,0.4663543362263724,-0.17746742559516698,0.2794887091293865,0.0028336849397590388,1,2014-08-05
0.303877553638812,-0.5029195836818985,0.289368737667382,0.47028286580844014,"0      1148
1      1150
2      1412
3      1414
4      1660
       ... 
430    4045
431    4055
432    4078
433    4080
434    4084
Name: cuest_id_b, Length: 435, dtype: int640      11
1      11
2      21
3      21
4      11
       ..
430    12
431    11
432    12
433    11
434    11
Name: parcela, Length: 435, dtype: int64",0.7211622164295026,0.4423244328590052,0.04058595556070157,0.3081224953487234,0.012051556515646898,1,2014-08-05
0.08991729009362141,-0.5568903753052099,0.18795787488620064,0.41121194699527785,"0      1148
1      1150
2      1412
3      1414
4      1660
       ... 
430    4045
431    4055
432    4078
433    4080
434    4084
Name: cuest_id_b, Length: 435, dtype: int640      11
1      11
2      21
3      21
4      11
       ..
430    12
431    11
432    12
433    11
434    11
Name: parcela, Length: 435, dtype: int64",0.6418438053127741,0.283687610625548,0.1886437190805497,0.20648666102361332,0.001527278787878787,0,2014-08-05
0.3212451498794354,-0.28384985360409953,0.12829515501492725,0.38831932253217905,"0      1148
1      1150
2      1412
3      1414
4      1660
       ... 
430    4045
431    4055
432    4078
433    4080
434    4084
Name: cuest_id_b, Length: 435, dtype: int640      11
1      11
2      21
3      21
4      11
       ..
430    12
431    11
432    12
433    11
434    11
Name: parcela, Length: 435, dtype: int64",0.6911455083151631,0.38229101663032605,-0.11674661689406894,0.18100211766644628,0.0003926509400496646,0,2014-08-05
0.23913428913609439,-0.5115576208689753,0.25232017132612305,0.41991780471915263,"0      1148
1      1150
2      1412
3      1414
4      1660
       ... 
430    4045
431    4055
432    4078
433    4080
434    4084
Name: cuest_id_b, Length: 435, dtype: int640      11
1      11
2      21
3      21
4      11
       ..
430    12
431    11
432    12
433    11
434    11
Name: parcela, Length: 435, dtype: int64",0.68214286319158,0.36428572638315954,0.11799753562339652,0.25552405031809095,0.0019344043970686237,0,2014-08-05
0.29181421344302755,-0.4499747229699871,0.23003339424618874,0.4243764417542528,"0      1148
1      1150
2      1412
3      1414
4      1660
       ... 
430    4045
431    4055
432    4078
433    4080
434    4084
Name: cuest_id_b, Length: 435, dtype: int640      11
1      11
2      21
3      21
4      11
       ..
430    12
431    11
432    12
433    11
434    11
Name: parcela, Length: 435, dtype: int64",0.696614155296599,0.3932283105931982,0.030963919865324353,0.25249845609646143,0.002282230559006213,0,2014-08-05
0.09802462930945738,-0.48870644482220565,0.1437207765714125,0.3197540345213557,"0      1148
1      1150
2      1412
3      1414
4      1660
       ... 
430    4045
431    4055
432    4078
433    4080
434    4084
Name: cuest_id_b, Length: 435, dtype: int640      11
1      11
2      21
3      21
4      11
       ..
430    12
431    11
432    12
433    11
434    11
Name: parcela, Length: 435, dtype: int64",0.6205403748040299,0.24108074960805956,0.20022487829712993,0.15999292694429926,6.369333333333468e-05,0,2014-08-05
0.19708204035263002,-0.40250053035161326,0.27938569841546584,0.3877465341956285,"0      1148
1      1150
2      1412
3      1414
4      1660
       ... 
430    4045
431    4055
432    4078
433    4080
434    4084
Name: cuest_id_b, Length: 435, dtype: int640      11
1      11
2      21
3      21
4      11
       ..
430    12
431    11
432    12
433    11
434    11
Name: parcela, Length: 435, dtype: int64",0.671085976096176,0.3421719521923525,0.017391787530992096,0.25996422567343974,0.012414704163434192,0,2014-08-05
0.7288361419045156,-0.5512734641662591,0.565949063400104,0.7290001860665855,"0      1148
1      1150
2      1412
3      1414
4      1660
       ... 
430    4045
431    4055
432    4078
433    4080
434    4084
Name: cuest_id_b, Length: 435, dtype: int640      11
1      11
2      21
3      21
4      11
       ..
430    12
431    11
432    12
433    11
434    11
Name: parcela, Length: 435, dtype: int64",0.8910394566812081,0.782078913362416,-0.29961547970865604,0.5587879038997905,0.017450933208780946,0,2014-08-05
0.7185251155835758,-0.5171241781893304,0.6111596889610269,0.7053149500500563,"0      1148
1      1150
2      1412
3      1414
4      1660
       ... 
430    4045
431    4055
432    4078
433    4080
434    4084
Name: cuest_id_b, Length: 435, dtype: int640      11
1      11
2      21
3      21
4      11
       ..
430    12
431    11
432    12
433    11
434    11
Name: parcela, Length: 435, dtype: int64",0.887324508966555,0.7746490179331103,-0.2969414071586362,0.5726112666483099,0.024671717932354818,0,2014-08-05
0.3809666352097386,-0.5358157880753126,0.2825569560334777,0.4887987739512851,"0      1148
1      1150
2      1412
3      1414
4      1660
       ... 
430    4045
431    4055
432    4078
433    4080
434    4084
Name: cuest_id_b, Length: 435, dtype: int640      11
1      11
2      21
3      21
4      11
       ..
430    12
431    11
432    12
433    11
434    11
Name: parcela, Length: 435, dtype: int64",0.7397657791281125,0.47953155825622523,0.06399535020095105,0.3114370935118089,0.006752904672897201,0,2014-08-05
0.30095893593660006,-0.5235853854767339,0.2589888628268462,0.46339163700493835,"0      1148
1      1150
2      1412
3      1414
4      1660
       ... 
430    4045
431    4055
432    4078
433    4080
434    4084
Name: cuest_id_b, Length: 435, dtype: int640      11
1      11
2      21
3      21
4      11
       ..
430    12
431    11
432    12
433    11
434    11
Name: parcela, Length: 435, dtype: int64",0.7104296865539576,0.420859373107915,0.0801321621956175,0.2812465873469351,0.00391331419939577,0,2014-08-05
0.7514223504669578,-0.4992513526347464,0.484605220319779,0.7149384006824161,"0      1148
1      1150
2      1412
3      1414
4      1660
       ... 
430    4045
431    4055
432    4078
433    4080
434    4084
Name: cuest_id_b, Length: 435, dtype: int640      11
1      11
2      21
3      21
4      11
       ..
430    12
431    11
432    12
433    11
434    11
Name: parcela, Length: 435, dtype: int64",0.8965480042268003,0.7930960084536004,-0.33549447398631943,0.5259681169622443,0.016944722053675615,0,2014-08-05
0.3998454509302631,-0.4921733888927013,0.3575924572741021,0.535344156886934,"0      1148
1      1150
2      1412
3      1414
4      1660
       ... 
430    4045
431    4055
432    4078
433    4080
434    4084
Name: cuest_id_b, Length: 435, dtype: int640      11
1      11
2      21
3      21
4      11
       ..
430    12
431    11
432    12
433    11
434    11
Name: parcela, Length: 435, dtype: int64",0.7581111376443425,0.5162222752886851,-0.06088132692863838,0.36479391344273004,0.010249212099976646,0,2014-08-05
0.3640187291058183,-0.5413972684386323,0.31641774064747824,0.5304127646799689,"0      1148
1      1150
2      1412
3      1414
4      1660
       ... 
430    4045
431    4055
432    4078
433    4080
434    4084
Name: cuest_id_b, Length: 435, dtype: int640      11
1      11
2      21
3      21
4      11
       ..
430    12
431    11
432    12
433    11
434    11
Name: parcela, Length: 435, dtype: int64",0.7450789953713983,0.4901579907427965,0.013839507185319181,0.33771774223726175,0.006247126924871678,0,2014-08-05
0.2566132005778314,-0.4929247978342719,0.2516910582062931,0.45276867060079296,"0      1148
1      1150
2      1412
3      1414
4      1660
       ... 
430    4045
431    4055
432    4078
433    4080
434    4084
Name: cuest_id_b, Length: 435, dtype: int640      11
1      11
2      21
3      21
4      11
       ..
430    12
431    11
432    12
433    11
434    11
Name: parcela, Length: 435, dtype: int64",0.7036895071816562,0.40737901436331203,0.051462113093640634,0.27860711654042486,0.009706534579439261,0,2014-08-05
0.5702441462766409,-0.4487139362148033,0.38564929512111906,0.5877811859553651,"0      1148
1      1150
2      1412
3      1414
4      1660
       ... 
430    4045
431    4055
432    4078
433    4080
434    4084
Name: cuest_id_b, Length: 435, dtype: int640      11
1      11
2      21
3      21
4      11
       ..
430    12
431    11
432    12
433    11
434    11
Name: parcela, Length: 435, dtype: int64",0.8196587200682198,0.6393174401364394,-0.19147135560214532,0.42008247609613786,0.01490315106382979,0,2014-08-05
0.6415411013454307,-0.5443894920413797,0.5272108220774773,0.6608431571434905,"0      1148
1      1150
2      1412
3      1414
4      1660
       ... 
430    4045
431    4055
432    4078
433    4080
434    4084
Name: cuest_id_b, Length: 435, dtype: int640      11
1      11
2      21
3      21
4      11
       ..
430    12
431    11
432    12
433    11
434    11
Name: parcela, Length: 435, dtype: int64",0.8587592303232451,0.7175184606464902,-0.18185416243994865,0.5178882555281935,0.022768637616822438,0,2014-08-05
0.32413446271353863,-0.4812710516169072,0.26309961494748146,0.47025098532992676,"0      1148
1      1150
2      1412
3      1414
4      1660
       ... 
430    4045
431    4055
432    4078
433    4080
434    4084
Name: cuest_id_b, Length: 435, dtype: int640      11
1      11
2      21
3      21
4      11
       ..
430    12
431    11
432    12
433    11
434    11
Name: parcela, Length: 435, dtype: int64",0.7239370352876532,0.4478740705753065,0.010762047176606494,0.2947230322103527,0.008596853914182773,1,2014-08-05
0.46596626025303706,-0.4923291801656019,0.40157732708236343,0.5556612442447096,"0      1148
1      1150
2      1412
3      1414
4      1660
       ... 
430    4045
431    4055
432    4078
433    4080
434    4084
Name: cuest_id_b, Length: 435, dtype: int640      11
1      11
2      21
3      21
4      11
       ..
430    12
431    11
432    12
433    11
434    11
Name: parcela, Length: 435, dtype: int64",0.7906045804192833,0.5812091608385667,-0.0882118297641979,0.4127292687326545,0.021277571661617346,1,2014-08-05
0.14359236189977448,-0.43699086216280303,0.21840266847306236,0.44413292805716753,"0      1148
1      1150
2      1412
3      1414
4      1660
       ... 
430    4045
431    4055
432    4078
433    4080
434    4084
Name: cuest_id_b, Length: 435, dtype: int640      11
1      11
2      21
3      21
4      11
       ..
430    12
431    11
432    12
433    11
434    11
Name: parcela, Length: 435, dtype: int64",0.67000378698659,0.3400075739731801,-0.009901012108696523,0.24451597681992063,0.008664060153882026,1,2014-08-05
0.15918178581745585,-0.49787520774459293,0.22583569922206487,0.4011867420626092,"0      1148
1      1150
2      1412
3      1414
4      1660
       ... 
430    4045
431    4055
432    4078
433    4080
434    4084
Name: cuest_id_b, Length: 435, dtype: int640      11
1      11
2      21
3      21
4      11
       ..
430    12
431    11
432    12
433    11
434    11
Name: parcela, Length: 435, dtype: int64",0.66186717420065,0.3237343484012995,0.11817795948111572,0.23463855826718882,0.006924899112564229,0,2014-08-05
0.4894077330184,-0.5469017181887441,0.4123075604503584,0.592586147345208,"0      1148
1      1150
2      1412
3      1414
4      1660
       ... 
430    4045
431    4055
432    4078
433    4080
434    4084
Name: cuest_id_b, Length: 435, dtype: int640      11
1      11
2      21
3      21
4      11
       ..
430    12
431    11
432    12
433    11
434    11
Name: parcela, Length: 435, dtype: int64",0.8000276628613202,0.6000553257226406,-0.0682274389975002,0.4246328778124148,0.015605381741712025,1,2014-08-05
0.5931138793135458,-0.3299683697739214,0.2838926810218108,0.57181754181473,"0      1148
1      1150
2      1412
3      1414
4      1660
       ... 
430    4045
431    4055
432    4078
433    4080
434    4084
Name: cuest_id_b, Length: 435, dtype: int640      11
1      11
2      21
3      21
4      11
       ..
430    12
431    11
432    12
433    11
434    11
Name: parcela, Length: 435, dtype: int64",0.8188555680733213,0.6377111361466423,-0.29865693063925886,0.35709038258616727,0.009648453365220362,1,2014-08-05
0.6941253918883744,-0.5494727042563645,0.48148069405138916,0.7051672948719868,"0      1148
1      1150
2      1412
3      1414
4      1660
       ... 
430    4045
431    4055
432    4078
433    4080
434    4084
Name: cuest_id_b, Length: 435, dtype: int640      11
1      11
2      21
3      21
4      11
       ..
430    12
431    11
432    12
433    11
434    11
Name: parcela, Length: 435, dtype: int64",0.8722942825223343,0.7445885650446686,-0.25427783299341195,0.504830519351534,0.011315029425502105,0,2014-08-05
0.7498011053194287,-0.49925350827740567,0.519706526981228,0.7013636324698443,"0      1148
1      1150
2      1412
3      1414
4      1660
       ... 
430    4045
431    4055
432    4078
433    4080
434    4084
Name: cuest_id_b, Length: 435, dtype: int640      11
1      11
2      21
3      21
4      11
       ..
430    12
431    11
432    12
433    11
434    11
Name: parcela, Length: 435, dtype: int64",0.8959952666071891,0.7919905332143785,-0.3114189857144207,0.5412717445588896,0.02135950839160839,1,2014-08-05
0.5401662324172537,-0.47773015273315267,0.4120208622143926,0.6058621230245099,"0      1148
1      1150
2      1412
3      1414
4      1660
       ... 
430    4045
431    4055
432    4078
433    4080
434    4084
Name: cuest_id_b, Length: 435, dtype: int640      11
1      11
2      21
3      21
4      11
       ..
430    12
431    11
432    12
433    11
434    11
Name: parcela, Length: 435, dtype: int64",0.818359231951615,0.6367184639032302,-0.1813147346523834,0.4360785996487552,0.016953466293445307,1,2014-08-05
0.1484754996816148,-0.5623919254817059,0.17727331718719447,0.3920208737445115,"0      1148
1      1150
2      1412
3      1414
4      1660
       ... 
430    4045
431    4055
432    4078
433    4080
434    4084
Name: cuest_id_b, Length: 435, dtype: int640      11
1      11
2      21
3      21
4      11
       ..
430    12
431    11
432    12
433    11
434    11
Name: parcela, Length: 435, dtype: int64",0.6520117351761087,0.30402347035221744,0.216158738567598,0.20200859385729678,0.0009812814814814822,0,2014-08-05
0.36394287753202903,-0.5516524265411227,0.2814665232888497,0.5109489001059128,"0      1148
1      1150
2      1412
3      1414
4      1660
       ... 
430    4045
431    4055
432    4078
433    4080
434    4084
Name: cuest_id_b, Length: 435, dtype: int640      11
1      11
2      21
3      21
4      11
       ..
430    12
431    11
432    12
433    11
434    11
Name: parcela, Length: 435, dtype: int64",0.7441994394615321,0.4883988789230642,0.05712088892231563,0.319801019874366,0.008396629484029488,1,2014-08-05
0.3364928909952607,-0.24673490998941053,0.28362842997398674,0.38394919168591224,"0      1148
1      1150
2      1412
3      1414
4      1660
       ... 
430    4045
431    4055
432    4078
433    4080
434    4084
Name: cuest_id_b, Length: 435, dtype: int640      11
1      11
2      21
3      21
4      11
       ..
430    12
431    11
432    12
433    11
434    11
Name: parcela, Length: 435, dtype: int64",0.6963974433468912,0.39279488669378265,-0.15157338457842906,0.2681475604918683,0.003845000000000001,1,2014-08-05
0.5911256293982519,-0.4403723345128373,0.43251306443164894,0.6128614286688997,"0      1148
1      1150
2      1412
3      1414
4      1660
       ... 
430    4045
431    4055
432    4078
433    4080
434    4084
Name: cuest_id_b, Length: 435, dtype: int640      11
1      11
2      21
3      21
4      11
       ..
430    12
431    11
432    12
433    11
434    11
Name: parcela, Length: 435, dtype: int64",0.835653807550763,0.6713076151015261,-0.23626253427108834,0.457787103490038,0.019912666666666676,0,2014-08-05
0.15841125879032844,-0.23702610013718228,0.07689058828265505,0.25827049823215614,"0      1148
1      1150
2      1412
3      1414
4      1660
       ... 
430    4045
431    4055
432    4078
433    4080
434    4084
Name: cuest_id_b, Length: 435, dtype: int640      11
1      11
2      21
3      21
4      11
       ..
430    12
431    11
432    12
433    11
434    11
Name: parcela, Length: 435, dtype: int64",0.6125143352979346,0.22502867059586912,-0.022531229056497803,0.10731319659674081,-0.0024841354795439243,1,2014-08-21
0.3459923243308227,-0.5446395029341875,0.2991717584650122,0.49302089941382976,"0      1148
1      1150
2      1412
3      1414
4      1660
       ... 
430    4045
431    4055
432    4078
433    4080
434    4084
Name: cuest_id_b, Length: 435, dtype: int640      11
1      11
2      21
3      21
4      11
       ..
430    12
431    11
432    12
433    11
434    11
Name: parcela, Length: 435, dtype: int64",0.732905932678023,0.46581186535604574,0.06531107821538945,0.31855298950439703,0.007682864082204579,1,2014-08-21
0.7047738999027207,-0.5351938859101154,0.47758249165976774,0.7035246790937612,"0      1148
1      1150
2      1412
3      1414
4      1660
       ... 
430    4045
431    4055
432    4078
433    4080
434    4084
Name: cuest_id_b, Length: 435, dtype: int640      11
1      11
2      21
3      21
4      11
       ..
430    12
431    11
432    12
433    11
434    11
Name: parcela, Length: 435, dtype: int64",0.8794069601720911,0.7588139203441822,-0.2705134702952158,0.5103839316656487,0.014694370849746763,1,2014-08-21
0.5291047480875585,-0.44963546647561303,0.4617609482811634,0.5923017957912996,"0      1148
1      1150
2      1412
3      1414
4      1660
       ... 
430    4045
431    4055
432    4078
433    4080
434    4084
Name: cuest_id_b, Length: 435, dtype: int640      11
1      11
2      21
3      21
4      11
       ..
430    12
431    11
432    12
433    11
434    11
Name: parcela, Length: 435, dtype: int64",0.8118893028686537,0.6237786057373075,-0.19438990066253994,0.45153281386138205,0.02002414572161343,0,2014-08-21
0.2169273206855529,-0.5312802719323604,0.24876694574403888,0.4681138229922798,"0      1148
1      1150
2      1412
3      1414
4      1660
       ... 
430    4045
431    4055
432    4078
433    4080
434    4084
Name: cuest_id_b, Length: 435, dtype: int640      11
1      11
2      21
3      21
4      11
       ..
430    12
431    11
432    12
433    11
434    11
Name: parcela, Length: 435, dtype: int64",0.6928392258547728,0.38567845170954607,0.08257513135046331,0.27218911883868196,0.005873177472014927,0,2014-08-21
0.4352666551454281,-0.2978184206248839,0.18214503849162192,0.4720132891969271,"0      1148
1      1150
2      1412
3      1414
4      1660
       ... 
430    4045
431    4055
432    4078
433    4080
434    4084
Name: cuest_id_b, Length: 435, dtype: int640      11
1      11
2      21
3      21
4      11
       ..
430    12
431    11
432    12
433    11
434    11
Name: parcela, Length: 435, dtype: int64",0.7472763165289934,0.4945526330579867,-0.20168184682199577,0.24953000279336923,0.0038912773866516463,0,2014-08-21
0.13315671016336666,-0.3920513181835336,0.182111462531303,0.3144936303685545,"0      1148
1      1150
2      1412
3      1414
4      1660
       ... 
430    4045
431    4055
432    4078
433    4080
434    4084
Name: cuest_id_b, Length: 435, dtype: int640      11
1      11
2      21
3      21
4      11
       ..
430    12
431    11
432    12
433    11
434    11
Name: parcela, Length: 435, dtype: int64",0.631848919453914,0.2636978389078281,0.08845826347673655,0.18450678032684745,0.004305618869687064,0,2014-08-21
0.0815377793541105,-0.45869551320363405,0.1498833279006386,0.3097514244502052,"0      1148
1      1150
2      1412
3      1414
4      1660
       ... 
430    4045
431    4055
432    4078
433    4080
434    4084
Name: cuest_id_b, Length: 435, dtype: int640      11
1      11
2      21
3      21
4      11
       ..
430    12
431    11
432    12
433    11
434    11
Name: parcela, Length: 435, dtype: int64",0.616176197655708,0.23235239531141602,0.1738338957135275,0.16060217153590153,0.0023684704100652375,0,2014-08-21
0.13740259238614794,-0.4596824523184943,0.16666066402961777,0.3444481947372539,"0      1148
1      1150
2      1412
3      1414
4      1660
       ... 
430    4045
431    4055
432    4078
433    4080
434    4084
Name: cuest_id_b, Length: 435, dtype: int640      11
1      11
2      21
3      21
4      11
       ..
430    12
431    11
432    12
433    11
434    11
Name: parcela, Length: 435, dtype: int64",0.639411831365406,0.27882366273081166,0.1370764723535369,0.18528355043570346,0.002716124795894563,0,2014-08-21
0.049227074193770384,-0.39363601536491083,0.14953660930507245,0.24443256847608502,"0      1148
1      1150
2      1412
3      1414
4      1660
       ... 
430    4045
431    4055
432    4078
433    4080
434    4084
Name: cuest_id_b, Length: 435, dtype: int640      11
1      11
2      21
3      21
4      11
       ..
430    12
431    11
432    12
433    11
434    11
Name: parcela, Length: 435, dtype: int64",0.5899716772599195,0.17994335451983887,0.16501824881673355,0.13454242372582234,0.0005191014222429543,0,2014-08-21
0.09543066631740982,-0.436191423592429,0.1992920958331565,0.32946971699280464,"0      1148
1      1150
2      1412
3      1414
4      1660
       ... 
430    4045
431    4055
432    4078
433    4080
434    4084
Name: cuest_id_b, Length: 435, dtype: int640      11
1      11
2      21
3      21
4      11
       ..
430    12
431    11
432    12
433    11
434    11
Name: parcela, Length: 435, dtype: int64",0.6271596347153462,0.2543192694306922,0.12472698406051975,0.19175525463890092,0.006842986000933273,0,2014-08-21
0.07404257996743953,-0.43017906169508247,0.18297398432464154,0.2987737085124674,"0      1148
1      1150
2      1412
3      1414
4      1660
       ... 
430    4045
431    4055
432    4078
433    4080
434    4084
Name: cuest_id_b, Length: 435, dtype: int640      11
1      11
2      21
3      21
4      11
       ..
430    12
431    11
432    12
433    11
434    11
Name: parcela, Length: 435, dtype: int64",0.6118668731951264,0.22373374639025262,0.15054199218294775,0.16977620148942657,0.0037596919309701503,0,2014-08-21
0.21299438645336816,-0.42962134241391414,0.29290564124087665,0.4152871055663209,"0      1148
1      1150
2      1412
3      1414
4      1660
       ... 
430    4045
431    4055
432    4078
433    4080
434    4084
Name: cuest_id_b, Length: 435, dtype: int640      11
1      11
2      21
3      21
4      11
       ..
430    12
431    11
432    12
433    11
434    11
Name: parcela, Length: 435, dtype: int64",0.678653642438074,0.35730728487614793,0.015989557996211323,0.2719130561463828,0.0078522643007238,0,2014-08-21
0.13605210335670945,-0.4108233100476256,0.18711605857560065,0.3304783738243462,"0      1148
1      1150
2      1412
3      1414
4      1660
       ... 
430    4045
431    4055
432    4078
433    4080
434    4084
Name: cuest_id_b, Length: 435, dtype: int640      11
1      11
2      21
3      21
4      11
       ..
430    12
431    11
432    12
433    11
434    11
Name: parcela, Length: 435, dtype: int64",0.6374808898569885,0.27496177971397706,0.0929465763210184,0.1927221570140811,0.005137071211767454,0,2014-08-21
0.09867623742923154,-0.45470429658978007,0.1994925183995556,0.3434619045815266,"0      1148
1      1150
2      1412
3      1414
4      1660
       ... 
430    4045
431    4055
432    4078
433    4080
434    4084
Name: cuest_id_b, Length: 435, dtype: int640      11
1      11
2      21
3      21
4      11
       ..
430    12
431    11
432    12
433    11
434    11
Name: parcela, Length: 435, dtype: int64",0.6309267070602174,0.26185341412043456,0.13186483856102688,0.1961224380921891,0.005862436274509811,0,2014-08-21
0.5028890114271148,-0.5110138782527913,0.45611710203716566,0.5910838071088025,"0      1148
1      1150
2      1412
3      1414
4      1660
       ... 
430    4045
431    4055
432    4078
433    4080
434    4084
Name: cuest_id_b, Length: 435, dtype: int640      11
1      11
2      21
3      21
4      11
       ..
430    12
431    11
432    12
433    11
434    11
Name: parcela, Length: 435, dtype: int64",0.803646370634394,0.6072927412687879,-0.11410827021134205,0.4440271386506398,0.018537061662198394,0,2014-08-21
0.13182157679516285,-0.47842827410737204,0.19507948674890302,0.34720237619199185,"0      1148
1      1150
2      1412
3      1414
4      1660
       ... 
430    4045
431    4055
432    4078
433    4080
434    4084
Name: cuest_id_b, Length: 435, dtype: int640      11
1      11
2      21
3      21
4      11
       ..
430    12
431    11
432    12
433    11
434    11
Name: parcela, Length: 435, dtype: int64",0.639440066342883,0.27888013268576584,0.15751178590632778,0.19912409515249607,0.004075537460429126,0,2014-08-21
0.10273780736766237,-0.6110309244888817,0.19882922957073687,0.510181886177905,"0      1148
1      1150
2      1412
3      1414
4      1660
       ... 
430    4045
431    4055
432    4078
433    4080
434    4084
Name: cuest_id_b, Length: 435, dtype: int640      11
1      11
2      21
3      21
4      11
       ..
430    12
431    11
432    12
433    11
434    11
Name: parcela, Length: 435, dtype: int64",0.6630319743464805,0.32606394869296124,0.14635970353351918,0.23484724534943663,-0.003614293604651166,0,2014-08-21
0.21301148603677075,-0.46974702372511806,0.22191819598935722,0.41275375421537913,"0      1148
1      1150
2      1412
3      1414
4      1660
       ... 
430    4045
431    4055
432    4078
433    4080
434    4084
Name: cuest_id_b, Length: 435, dtype: int640      11
1      11
2      21
3      21
4      11
       ..
430    12
431    11
432    12
433    11
434    11
Name: parcela, Length: 435, dtype: int64",0.679082756702345,0.35816551340468994,0.07062849025343565,0.24353855511693645,0.006242961547424845,0,2014-08-21
0.21325065585954256,-0.46655626374088227,0.24627295277046501,0.4102920845794746,"0      1148
1      1150
2      1412
3      1414
4      1660
       ... 
430    4045
431    4055
432    4078
433    4080
434    4084
Name: cuest_id_b, Length: 435, dtype: int640      11
1      11
2      21
3      21
4      11
       ..
430    12
431    11
432    12
433    11
434    11
Name: parcela, Length: 435, dtype: int64",0.678476227843676,0.356952455687352,0.0687710069314254,0.2537856299726182,0.0072604499883422696,0,2014-08-21
0.5224209467265518,-0.5040869567556273,0.4603021444178421,0.5955312842247493,"0      1148
1      1150
2      1412
3      1414
4      1660
       ... 
430    4045
431    4055
432    4078
433    4080
434    4084
Name: cuest_id_b, Length: 435, dtype: int640      11
1      11
2      21
3      21
4      11
       ..
430    12
431    11
432    12
433    11
434    11
Name: parcela, Length: 435, dtype: int64",0.8108052384250275,0.6216104768500547,-0.1310024555151523,0.4510696501338327,0.019701101631701634,1,2014-08-21
0.5324387619481301,-0.5316866679373544,0.4386111187590521,0.6067170998833517,"0      1148
1      1150
2      1412
3      1414
4      1660
       ... 
430    4045
431    4055
432    4078
433    4080
434    4084
Name: cuest_id_b, Length: 435, dtype: int640      11
1      11
2      21
3      21
4      11
       ..
430    12
431    11
432    12
433    11
434    11
Name: parcela, Length: 435, dtype: int64",0.8130404025474229,0.6260808050948462,-0.11138457692071894,0.4432774929562512,0.015347448511166251,1,2014-08-21
0.20634861987799327,-0.4264616857737403,0.30532357665005805,0.38418679273317075,"0      1148
1      1150
2      1412
3      1414
4      1660
       ... 
430    4045
431    4055
432    4078
433    4080
434    4084
Name: cuest_id_b, Length: 435, dtype: int640      11
1      11
2      21
3      21
4      11
       ..
430    12
431    11
432    12
433    11
434    11
Name: parcela, Length: 435, dtype: int64",0.6656200460464224,0.3312400920928449,0.05044000261576196,0.2580796174385874,0.0036980333333333374,0,2014-08-21
0.1468473446474045,-0.4747090407268237,0.20655313000019415,0.3587253731607992,"0      1148
1      1150
2      1412
3      1414
4      1660
       ... 
430    4045
431    4055
432    4078
433    4080
434    4084
Name: cuest_id_b, Length: 435, dtype: int640      11
1      11
2      21
3      21
4      11
       ..
430    12
431    11
432    12
433    11
434    11
Name: parcela, Length: 435, dtype: int64",0.6477207500253848,0.295441500050769,0.13982945823448897,0.2113276676113351,0.006006526831544566,0,2014-08-21
0.528313457814495,-0.5059534191378123,0.31800903278042775,0.5871501102081692,"0      1148
1      1150
2      1412
3      1414
4      1660
       ... 
430    4045
431    4055
432    4078
433    4080
434    4084
Name: cuest_id_b, Length: 435, dtype: int640      11
1      11
2      21
3      21
4      11
       ..
430    12
431    11
432    12
433    11
434    11
Name: parcela, Length: 435, dtype: int64",0.8069296975659264,0.6138593951318524,-0.11535571162319476,0.37818659523352005,0.010336784697923958,1,2014-08-21
0.3104471894648936,-0.41009753927097403,0.33343856490757884,0.41467004040746536,"0      1148
1      1150
2      1412
3      1414
4      1660
       ... 
430    4045
431    4055
432    4078
433    4080
434    4084
Name: cuest_id_b, Length: 435, dtype: int640      11
1      11
2      21
3      21
4      11
       ..
430    12
431    11
432    12
433    11
434    11
Name: parcela, Length: 435, dtype: int64",0.7022956156551298,0.40459123131025904,-0.004908648749635336,0.29741456120559273,0.008217004668534087,1,2014-08-21
0.5694637895326056,-0.39427253541203894,0.4412409535782162,0.5959347717104142,"0      1148
1      1150
2      1412
3      1414
4      1660
       ... 
430    4045
431    4055
432    4078
433    4080
434    4084
Name: cuest_id_b, Length: 435, dtype: int640      11
1      11
2      21
3      21
4      11
       ..
430    12
431    11
432    12
433    11
434    11
Name: parcela, Length: 435, dtype: int64",0.8171999389424379,0.6343998778848758,-0.2697553542013828,0.4411744955436843,0.014018700350058349,0,2014-08-21
0.36948349468782016,-0.43900515019045666,0.3657198224727517,0.4714367808136916,"0      1148
1      1150
2      1412
3      1414
4      1660
       ... 
430    4045
431    4055
432    4078
433    4080
434    4084
Name: cuest_id_b, Length: 435, dtype: int640      11
1      11
2      21
3      21
4      11
       ..
430    12
431    11
432    12
433    11
434    11
Name: parcela, Length: 435, dtype: int64",0.7357356778551418,0.4714713557102838,-0.04049827016668752,0.3439384267505175,0.013210199530516435,1,2014-08-21
0.4104579331378856,-0.46489166588449443,0.38087856860829783,0.5181272169364813,"0      1148
1      1150
2      1412
3      1414
4      1660
       ... 
430    4045
431    4055
432    4078
433    4080
434    4084
Name: cuest_id_b, Length: 435, dtype: int640      11
1      11
2      21
3      21
4      11
       ..
430    12
431    11
432    12
433    11
434    11
Name: parcela, Length: 435, dtype: int64",0.757627728383815,0.5152554567676301,-0.07138161234253107,0.3702340229659288,0.01220808971384378,1,2014-08-21
0.5888769831950622,-0.5109352520225378,0.5323605534467167,0.6487440709103893,"0      1148
1      1150
2      1412
3      1414
4      1660
       ... 
430    4045
431    4055
432    4078
433    4080
434    4084
Name: cuest_id_b, Length: 435, dtype: int640      11
1      11
2      21
3      21
4      11
       ..
430    12
431    11
432    12
433    11
434    11
Name: parcela, Length: 435, dtype: int64",0.8324218424323266,0.6648436848646532,-0.20636942047652704,0.49258870690360085,0.013575709218203036,0,2014-08-21
0.383996561807085,-0.502441506266092,0.3154552811219293,0.5370335490204908,"0      1148
1      1150
2      1412
3      1414
4      1660
       ... 
430    4045
431    4055
432    4078
433    4080
434    4084
Name: cuest_id_b, Length: 435, dtype: int640      11
1      11
2      21
3      21
4      11
       ..
430    12
431    11
432    12
433    11
434    11
Name: parcela, Length: 435, dtype: int64",0.7542357187153848,0.5084714374307693,-0.050084223893647604,0.344453148927199,0.008355753306342778,1,2014-08-21
0.3459854183786466,-0.5163605104417869,0.28960665295398935,0.5070425937788524,"0      1148
1      1150
2      1412
3      1414
4      1660
       ... 
430    4045
431    4055
432    4078
433    4080
434    4084
Name: cuest_id_b, Length: 435, dtype: int640      11
1      11
2      21
3      21
4      11
       ..
430    12
431    11
432    12
433    11
434    11
Name: parcela, Length: 435, dtype: int64",0.7390130598556103,0.47802611971122055,0.008646318110326689,0.3215603222744608,0.009309093202522779,0,2014-08-21
0.7109621764418709,-0.5099007625264866,0.48000537735545296,0.6960542337288509,"0      1148
1      1150
2      1412
3      1414
4      1660
       ... 
430    4045
431    4055
432    4078
433    4080
434    4084
Name: cuest_id_b, Length: 435, dtype: int640      11
1      11
2      21
3      21
4      11
       ..
430    12
431    11
432    12
433    11
434    11
Name: parcela, Length: 435, dtype: int64",0.8807250749112042,0.7614501498224083,-0.2889528612568293,0.5120579234387442,0.016277343217371006,1,2014-08-21
0.5225218842662861,-0.51561983621968,0.40432103227422717,0.6226222672985119,"0      1148
1      1150
2      1412
3      1414
4      1660
       ... 
430    4045
431    4055
432    4078
433    4080
434    4084
Name: cuest_id_b, Length: 435, dtype: int640      11
1      11
2      21
3      21
4      11
       ..
430    12
431    11
432    12
433    11
434    11
Name: parcela, Length: 435, dtype: int64",0.8118215673186554,0.6236431346373105,-0.15926105637256682,0.42956961391446685,0.01137662882504088,1,2014-08-21
0.41921205219969726,-0.37927884957879704,0.39751906944125104,0.4951683240964403,"0      1148
1      1150
2      1412
3      1414
4      1660
       ... 
430    4045
431    4055
432    4078
433    4080
434    4084
Name: cuest_id_b, Length: 435, dtype: int640      11
1      11
2      21
3      21
4      11
       ..
430    12
431    11
432    12
433    11
434    11
Name: parcela, Length: 435, dtype: int64",0.7498874242801211,0.4997748485602425,-0.1494196004462186,0.36367383741103126,0.00949039048285515,1,2014-08-21
0.4274362782199156,-0.4473909619197951,0.4373788267143791,0.5286473822700083,"0      1148
1      1150
2      1412
3      1414
4      1660
       ... 
430    4045
431    4055
432    4078
433    4080
434    4084
Name: cuest_id_b, Length: 435, dtype: int640      11
1      11
2      21
3      21
4      11
       ..
430    12
431    11
432    12
433    11
434    11
Name: parcela, Length: 435, dtype: int64",0.7667535448698881,0.5335070897397761,-0.10651685122225765,0.4005657160966991,0.01711386111111111,1,2014-08-21
0.47420719606665074,-0.5290910367682748,0.3715961022167645,0.5772387227596785,"0      1148
1      1150
2      1412
3      1414
4      1660
       ... 
430    4045
431    4055
432    4078
433    4080
434    4084
Name: cuest_id_b, Length: 435, dtype: int640      11
1      11
2      21
3      21
4      11
       ..
430    12
431    11
432    12
433    11
434    11
Name: parcela, Length: 435, dtype: int64",0.7956785556158327,0.591357111231665,-0.0703472337629028,0.4041336203619192,0.01664903406439571,1,2014-08-21
0.4358660894731623,-0.5017808279662185,0.39209805667097136,0.5344028739377356,"0      1148
1      1150
2      1412
3      1414
4      1660
       ... 
430    4045
431    4055
432    4078
433    4080
434    4084
Name: cuest_id_b, Length: 435, dtype: int640      11
1      11
2      21
3      21
4      11
       ..
430    12
431    11
432    12
433    11
434    11
Name: parcela, Length: 435, dtype: int64",0.7679599673404021,0.535919934680804,-0.05409552650899565,0.3842347788421108,0.012814059920727448,0,2014-08-21
0.5703903199868389,-0.4951393590270435,0.4647193243246565,0.6164445744970832,"0      1148
1      1150
2      1412
3      1414
4      1660
       ... 
430    4045
431    4055
432    4078
433    4080
434    4084
Name: cuest_id_b, Length: 435, dtype: int640      11
1      11
2      21
3      21
4      11
       ..
430    12
431    11
432    12
433    11
434    11
Name: parcela, Length: 435, dtype: int64",0.8287400980146535,0.6574801960293067,-0.17462638154905322,0.4669627466967939,0.019635845149253726,0,2014-08-21
0.6100493698837147,-0.5349917189039561,0.4852645453439802,0.6527220478355362,"0      1148
1      1150
2      1412
3      1414
4      1660
       ... 
430    4045
431    4055
432    4078
433    4080
434    4084
Name: cuest_id_b, Length: 435, dtype: int640      11
1      11
2      21
3      21
4      11
       ..
430    12
431    11
432    12
433    11
434    11
Name: parcela, Length: 435, dtype: int64",0.8480236533657133,0.6960473067314268,-0.1836492905216761,0.4931827421601188,0.01988697900139991,1,2014-08-21
0.5023116046971742,-0.5482272223827233,0.41722337569671286,0.6096609333309847,"0      1148
1      1150
2      1412
3      1414
4      1660
       ... 
430    4045
431    4055
432    4078
433    4080
434    4084
Name: cuest_id_b, Length: 435, dtype: int640      11
1      11
2      21
3      21
4      11
       ..
430    12
431    11
432    12
433    11
434    11
Name: parcela, Length: 435, dtype: int64",0.808226342969766,0.6164526859395324,-0.0924634557565847,0.43492246556156156,0.01591953583936493,1,2014-08-21
0.35626900069917566,-0.4673711156133544,0.3526345795436967,0.5194772765217611,"0      1148
1      1150
2      1412
3      1414
4      1660
       ... 
430    4045
431    4055
432    4078
433    4080
434    4084
Name: cuest_id_b, Length: 435, dtype: int640      11
1      11
2      21
3      21
4      11
       ..
430    12
431    11
432    12
433    11
434    11
Name: parcela, Length: 435, dtype: int64",0.7453859316614114,0.4907718633228226,-0.06982200529104024,0.3557540537300227,0.012369519123134335,0,2014-08-21
0.693249489708041,-0.50218528318299,0.585286869117075,0.6992998386429866,"0      1148
1      1150
2      1412
3      1414
4      1660
       ... 
430    4045
431    4055
432    4078
433    4080
434    4084
Name: cuest_id_b, Length: 435, dtype: int640      11
1      11
2      21
3      21
4      11
       ..
430    12
431    11
432    12
433    11
434    11
Name: parcela, Length: 435, dtype: int64",0.8803622074250376,0.7607244148500752,-0.3041009286449219,0.5592928526378033,0.02406936501634751,0,2014-08-21
0.5652827869002426,-0.5122619454292913,0.4541769717526945,0.6466273008957911,"0      1148
1      1150
2      1412
3      1414
4      1660
       ... 
430    4045
431    4055
432    4078
433    4080
434    4084
Name: cuest_id_b, Length: 435, dtype: int640      11
1      11
2      21
3      21
4      11
       ..
430    12
431    11
432    12
433    11
434    11
Name: parcela, Length: 435, dtype: int64",0.8371978714932402,0.6743957429864804,-0.2018743815986079,0.4763288677253395,0.020037135317997293,0,2014-08-21
0.6102701077064037,-0.528582018909071,0.4627891680601791,0.6564527100424722,"0      1148
1      1150
2      1412
3      1414
4      1660
       ... 
430    4045
431    4055
432    4078
433    4080
434    4084
Name: cuest_id_b, Length: 435, dtype: int640      11
1      11
2      21
3      21
4      11
       ..
430    12
431    11
432    12
433    11
434    11
Name: parcela, Length: 435, dtype: int64",0.842863537762901,0.6857270755258018,-0.19593278819248572,0.47640844980261504,0.013647667288847415,1,2014-08-21
0.6698736128556589,-0.4875166243009509,0.5211172727625358,0.6622323117489693,"0      1148
1      1150
2      1412
3      1414
4      1660
       ... 
430    4045
431    4055
432    4078
433    4080
434    4084
Name: cuest_id_b, Length: 435, dtype: int640      11
1      11
2      21
3      21
4      11
       ..
430    12
431    11
432    12
433    11
434    11
Name: parcela, Length: 435, dtype: int64",0.8637900308437249,0.7275800616874499,-0.2594097161164363,0.5152988211234575,0.02041379925390534,0,2014-08-21
0.44073729724398797,-0.569714175151193,0.36373322923292484,0.5727071416169497,"0      1148
1      1150
2      1412
3      1414
4      1660
       ... 
430    4045
431    4055
432    4078
433    4080
434    4084
Name: cuest_id_b, Length: 435, dtype: int640      11
1      11
2      21
3      21
4      11
       ..
430    12
431    11
432    12
433    11
434    11
Name: parcela, Length: 435, dtype: int64",0.7818870220624518,0.5637740441249037,-0.005892866831630279,0.3901145491140723,0.013010220097924926,1,2014-08-21
0.6677286571564657,-0.58313679159788,0.5106048644261749,0.7066343721876485,"0      1148
1      1150
2      1412
3      1414
4      1660
       ... 
430    4045
431    4055
432    4078
433    4080
434    4084
Name: cuest_id_b, Length: 435, dtype: int640      11
1      11
2      21
3      21
4      11
       ..
430    12
431    11
432    12
433    11
434    11
Name: parcela, Length: 435, dtype: int64",0.8719944305498661,0.7439888610997321,-0.21093021924703298,0.5241046323189413,0.016459392624728852,0,2014-08-21
0.44659190595949755,-0.5061404398375164,0.3311441697420433,0.5555554849188857,"0      1148
1      1150
2      1412
3      1414
4      1660
       ... 
430    4045
431    4055
432    4078
433    4080
434    4084
Name: cuest_id_b, Length: 435, dtype: int640      11
1      11
2      21
3      21
4      11
       ..
430    12
431    11
432    12
433    11
434    11
Name: parcela, Length: 435, dtype: int64",0.7754337156746979,0.5508674313493952,-0.06776050520543718,0.36463913415477345,0.009238270648623427,1,2014-08-21
0.3941603744429266,-0.5029560292878356,0.3145042652372354,0.5123920125566865,"0      1148
1      1150
2      1412
3      1414
4      1660
       ... 
430    4045
431    4055
432    4078
433    4080
434    4084
Name: cuest_id_b, Length: 435, dtype: int640      11
1      11
2      21
3      21
4      11
       ..
430    12
431    11
432    12
433    11
434    11
Name: parcela, Length: 435, dtype: int64",0.7562427769102388,0.5124855538204778,-0.015037814731753179,0.3442986526211983,0.013177555938037865,1,2014-08-21
0.03733981879672228,-0.5556756640567658,0.1626290702833074,0.3888349509425523,"0      1148
1      1150
2      1412
3      1414
4      1660
       ... 
430    4045
431    4055
432    4078
433    4080
434    4084
Name: cuest_id_b, Length: 435, dtype: int640      11
1      11
2      21
3      21
4      11
       ..
430    12
431    11
432    12
433    11
434    11
Name: parcela, Length: 435, dtype: int64",0.6197688058831763,0.23953761176635271,0.21271439574250728,0.17779716849626306,-0.0016060806526806484,0,2014-08-21
0.4572367770494172,-0.571559720095533,0.37998894236710445,0.5742019690657266,"0      1148
1      1150
2      1412
3      1414
4      1660
       ... 
430    4045
431    4055
432    4078
433    4080
434    4084
Name: cuest_id_b, Length: 435, dtype: int640      11
1      11
2      21
3      21
4      11
       ..
430    12
431    11
432    12
433    11
434    11
Name: parcela, Length: 435, dtype: int64",0.7826758834330162,0.5653517668660324,-0.010840717840333124,0.3938297104680243,0.01083214737654321,0,2014-08-21
0.26433780070792673,-0.5751763293444532,0.25593528377417946,0.47117731646257854,"0      1148
1      1150
2      1412
3      1414
4      1660
       ... 
430    4045
431    4055
432    4078
433    4080
434    4084
Name: cuest_id_b, Length: 435, dtype: int640      11
1      11
2      21
3      21
4      11
       ..
430    12
431    11
432    12
433    11
434    11
Name: parcela, Length: 435, dtype: int64",0.7059449562036352,0.4118899124072705,0.14221903469548597,0.28185935416489893,0.005815405827505828,0,2014-08-21
0.23917420256833338,-0.5203765031098322,0.2467113311964459,0.41844794246478106,"0      1148
1      1150
2      1412
3      1414
4      1660
       ... 
430    4045
431    4055
432    4078
433    4080
434    4084
Name: cuest_id_b, Length: 435, dtype: int640      11
1      11
2      21
3      21
4      11
       ..
430    12
431    11
432    12
433    11
434    11
Name: parcela, Length: 435, dtype: int64",0.6851933827545751,0.37038676550914984,0.13102411847417988,0.25693907241906266,0.004875372494172495,0,2014-08-21
0.29014797756265354,-0.5006017377683294,0.22222640189748694,0.4470569172925806,"0      1148
1      1150
2      1412
3      1414
4      1660
       ... 
430    4045
431    4055
432    4078
433    4080
434    4084
Name: cuest_id_b, Length: 435, dtype: int640      11
1      11
2      21
3      21
4      11
       ..
430    12
431    11
432    12
433    11
434    11
Name: parcela, Length: 435, dtype: int64",0.7099505903953938,0.4199011807907876,0.06977785388291004,0.26371024687529604,0.007287838012958958,0,2014-08-21
0.1262721336684232,-0.43428931432760987,0.17045512167717233,0.31795668402989846,"0      1148
1      1150
2      1412
3      1414
4      1660
       ... 
430    4045
431    4055
432    4078
433    4080
434    4084
Name: cuest_id_b, Length: 435, dtype: int640      11
1      11
2      21
3      21
4      11
       ..
430    12
431    11
432    12
433    11
434    11
Name: parcela, Length: 435, dtype: int64",0.6308509615114415,0.2617019230228831,0.13491227958765634,0.1795310239866323,0.003854616959064335,0,2014-08-21
0.11560609124074468,-0.3959110183910059,0.2202893418186573,0.3365203938053983,"0      1148
1      1150
2      1412
3      1414
4      1660
       ... 
430    4045
431    4055
432    4078
433    4080
434    4084
Name: cuest_id_b, Length: 435, dtype: int640      11
1      11
2      21
3      21
4      11
       ..
430    12
431    11
432    12
433    11
434    11
Name: parcela, Length: 435, dtype: int64",0.6327163417972609,0.2654326835945216,0.06847063558868882,0.20292239639352216,0.005294899393090574,0,2014-08-21
0.613999877463246,-0.4342650725239783,0.5189017758807567,0.6322422644132227,"0      1148
1      1150
2      1412
3      1414
4      1660
       ... 
430    4045
431    4055
432    4078
433    4080
434    4084
Name: cuest_id_b, Length: 435, dtype: int640      11
1      11
2      21
3      21
4      11
       ..
430    12
431    11
432    12
433    11
434    11
Name: parcela, Length: 435, dtype: int64",0.8325711049051092,0.6651422098102183,-0.27595351663050166,0.4814271737081165,0.012011289117234942,0,2014-08-21
0.38166032183324916,-0.29076927908380246,0.24245385682531376,0.3967058178380618,"0      1148
1      1150
2      1412
3      1414
4      1660
       ... 
430    4045
431    4055
432    4078
433    4080
434    4084
Name: cuest_id_b, Length: 435, dtype: int640      11
1      11
2      21
3      21
4      11
       ..
430    12
431    11
432    12
433    11
434    11
Name: parcela, Length: 435, dtype: int64",0.7064357883889621,0.4128715767779243,-0.1183641226908867,0.2549958506321336,0.0013259565517241383,0,2014-08-21
0.28519027697575833,-0.5764200629529466,0.2722343522379594,0.4915747284742696,"0      1148
1      1150
2      1412
3      1414
4      1660
       ... 
430    4045
431    4055
432    4078
433    4080
434    4084
Name: cuest_id_b, Length: 435, dtype: int640      11
1      11
2      21
3      21
4      11
       ..
430    12
431    11
432    12
433    11
434    11
Name: parcela, Length: 435, dtype: int64",0.7150779538678323,0.4301559077356645,0.11831793058902772,0.2965023942113356,0.004974546492659057,0,2014-08-21
0.7742075068068309,-0.5305604813614753,0.4945416241936712,0.7374857233815407,"0      1148
1      1150
2      1412
3      1414
4      1660
       ... 
430    4045
431    4055
432    4078
433    4080
434    4084
Name: cuest_id_b, Length: 435, dtype: int640      11
1      11
2      21
3      21
4      11
       ..
430    12
431    11
432    12
433    11
434    11
Name: parcela, Length: 435, dtype: int64",0.9061471785592033,0.812294357118408,-0.3397518420677681,0.5383047821228729,0.01586900186697783,0,2014-08-21
0.3806789374929881,-0.5003647054643054,0.323909900529203,0.5294858579999735,"0      1148
1      1150
2      1412
3      1414
4      1660
       ... 
430    4045
431    4055
432    4078
433    4080
434    4084
Name: cuest_id_b, Length: 435, dtype: int640      11
1      11
2      21
3      21
4      11
       ..
430    12
431    11
432    12
433    11
434    11
Name: parcela, Length: 435, dtype: int64",0.7530096480323017,0.5060192960646034,-0.04240714923731608,0.34787311131577775,0.010026669936930629,0,2014-08-21
0.3466528142438484,-0.5050115390827979,0.31985717691194226,0.49600799315750504,"0      1148
1      1150
2      1412
3      1414
4      1660
       ... 
430    4045
431    4055
432    4078
433    4080
434    4084
Name: cuest_id_b, Length: 435, dtype: int640      11
1      11
2      21
3      21
4      11
       ..
430    12
431    11
432    12
433    11
434    11
Name: parcela, Length: 435, dtype: int64",0.7309939811394051,0.4619879622788097,0.008752349294387767,0.3245489340230166,0.00534233470861269,0,2014-08-21
0.22595792941265472,-0.4764778659466898,0.2427131615023494,0.4310509764397849,"0      1148
1      1150
2      1412
3      1414
4      1660
       ... 
430    4045
431    4055
432    4078
433    4080
434    4084
Name: cuest_id_b, Length: 435, dtype: int640      11
1      11
2      21
3      21
4      11
       ..
430    12
431    11
432    12
433    11
434    11
Name: parcela, Length: 435, dtype: int64",0.6865554032426906,0.3731108064853814,0.057029119367760193,0.25972668862701376,0.006429526166097842,0,2014-08-21
0.4372814155287522,-0.45525292577890564,0.3990910923452732,0.5356463064825261,"0      1148
1      1150
2      1412
3      1414
4      1660
       ... 
430    4045
431    4055
432    4078
433    4080
434    4084
Name: cuest_id_b, Length: 435, dtype: int640      11
1      11
2      21
3      21
4      11
       ..
430    12
431    11
432    12
433    11
434    11
Name: parcela, Length: 435, dtype: int64",0.7676400653721194,0.5352801307442386,-0.10455520873997126,0.38425073742237853,0.011769344698261169,0,2014-08-21
0.32993476716683007,-0.5172875802343128,0.27768411823836225,0.5072595567376608,"0      1148
1      1150
2      1412
3      1414
4      1660
       ... 
430    4045
431    4055
432    4078
433    4080
434    4084
Name: cuest_id_b, Length: 435, dtype: int640      11
1      11
2      21
3      21
4      11
       ..
430    12
431    11
432    12
433    11
434    11
Name: parcela, Length: 435, dtype: int64",0.7330780990989088,0.4661561981978177,0.01094458693652537,0.3116975599413541,0.007520319474835889,1,2014-08-21
0.5146355037826509,-0.3853384813500271,0.48485685723280514,0.5453475760007602,"0      1148
1      1150
2      1412
3      1414
4      1660
       ... 
430    4045
431    4055
432    4078
433    4080
434    4084
Name: cuest_id_b, Length: 435, dtype: int640      11
1      11
2      21
3      21
4      11
       ..
430    12
431    11
432    12
433    11
434    11
Name: parcela, Length: 435, dtype: int64",0.7922513455433979,0.5845026910867961,-0.20309280705843671,0.4323522770592324,0.018271342660775656,1,2014-08-21
0.3057805324532517,-0.5009257765217762,0.2694351525591889,0.48001683597865547,"0      1148
1      1150
2      1412
3      1414
4      1660
       ... 
430    4045
431    4055
432    4078
433    4080
434    4084
Name: cuest_id_b, Length: 435, dtype: int640      11
1      11
2      21
3      21
4      11
       ..
430    12
431    11
432    12
433    11
434    11
Name: parcela, Length: 435, dtype: int64",0.7220203329843561,0.44404066596871206,0.02459915819990329,0.29930032336615264,0.00900785366993922,1,2014-08-21
0.39172076148304946,-0.5048731968642755,0.34902887082271283,0.5409952726764415,"0      1148
1      1150
2      1412
3      1414
4      1660
       ... 
430    4045
431    4055
432    4078
433    4080
434    4084
Name: cuest_id_b, Length: 435, dtype: int640      11
1      11
2      21
3      21
4      11
       ..
430    12
431    11
432    12
433    11
434    11
Name: parcela, Length: 435, dtype: int64",0.762950477592862,0.5259009551857237,-0.05094326095116395,0.3698380219902113,0.014527526683756706,1,2014-08-21
0.07555264771452073,-0.504634907843678,0.15894882777278127,0.38319011767017064,"0      1148
1      1150
2      1412
3      1414
4      1660
       ... 
430    4045
431    4055
432    4078
433    4080
434    4084
Name: cuest_id_b, Length: 435, dtype: int640      11
1      11
2      21
3      21
4      11
       ..
430    12
431    11
432    12
433    11
434    11
Name: parcela, Length: 435, dtype: int64",0.6327934755854107,0.26558695117082143,0.15040110069566023,0.1836736446266479,0.0030116873695198365,1,2014-08-21
0.11447627204710187,-0.5057240668678605,0.20307893455201903,0.3776569889569002,"0      1148
1      1150
2      1412
3      1414
4      1660
       ... 
430    4045
431    4055
432    4078
433    4080
434    4084
Name: cuest_id_b, Length: 435, dtype: int640      11
1      11
2      21
3      21
4      11
       ..
430    12
431    11
432    12
433    11
434    11
Name: parcela, Length: 435, dtype: int64",0.6431689454021337,0.2863378908042675,0.1558153994882578,0.21007037317332677,0.0054851359177954286,0,2014-08-21
0.4205889332719524,-0.5456297686229309,0.35879954671146164,0.5708805102886279,"0      1148
1      1150
2      1412
3      1414
4      1660
       ... 
430    4045
431    4055
432    4078
433    4080
434    4084
Name: cuest_id_b, Length: 435, dtype: int640      11
1      11
2      21
3      21
4      11
       ..
430    12
431    11
432    12
433    11
434    11
Name: parcela, Length: 435, dtype: int64",0.7759767804425846,0.551953560885169,-0.03721041921533659,0.38486870770955245,0.012586323303009097,1,2014-08-21
0.2578585461689588,-0.25204731574158323,0.25905081227797067,0.3500263574064311,"0      1148
1      1150
2      1412
3      1414
4      1660
       ... 
430    4045
431    4055
432    4078
433    4080
434    4084
Name: cuest_id_b, Length: 435, dtype: int640      11
1      11
2      21
3      21
4      11
       ..
430    12
431    11
432    12
433    11
434    11
Name: parcela, Length: 435, dtype: int64",0.6697175732217574,0.3394351464435147,-0.10745945945945944,0.23930678466076696,0.004007999999999998,1,2014-08-21
0.6784033900834673,-0.5463468668945392,0.4632530788699009,0.6933947976672633,"0      1148
1      1150
2      1412
3      1414
4      1660
       ... 
430    4045
431    4055
432    4078
433    4080
434    4084
Name: cuest_id_b, Length: 435, dtype: int640      11
1      11
2      21
3      21
4      11
       ..
430    12
431    11
432    12
433    11
434    11
Name: parcela, Length: 435, dtype: int64",0.8655252578655094,0.7310505157310185,-0.23696250665544072,0.4912221179058284,0.010849107893507709,0,2014-08-21
0.6441363474260591,-0.5055785103243813,0.45460502703278377,0.6593676136875416,"0      1148
1      1150
2      1412
3      1414
4      1660
       ... 
430    4045
431    4055
432    4078
433    4080
434    4084
Name: cuest_id_b, Length: 435, dtype: int640      11
1      11
2      21
3      21
4      11
       ..
430    12
431    11
432    12
433    11
434    11
Name: parcela, Length: 435, dtype: int64",0.853036294168054,0.7060725883361083,-0.23026989603259657,0.4786467051808593,0.014355238927738927,1,2014-08-21
0.6453004917980109,-0.5470918354822728,0.5175535273169397,0.6833426393665764,"0      1148
1      1150
2      1412
3      1414
4      1660
       ... 
430    4045
431    4055
432    4078
433    4080
434    4084
Name: cuest_id_b, Length: 435, dtype: int640      11
1      11
2      21
3      21
4      11
       ..
430    12
431    11
432    12
433    11
434    11
Name: parcela, Length: 435, dtype: int64",0.8601720361578697,0.7203440723157395,-0.2175811781523153,0.5151368611959856,0.01704018974358975,0,2014-08-21
0.5967280260944378,-0.527908188603671,0.46930310984459467,0.6488980436870152,"0      1148
1      1150
2      1412
3      1414
4      1660
       ... 
430    4045
431    4055
432    4078
433    4080
434    4084
Name: cuest_id_b, Length: 435, dtype: int640      11
1      11
2      21
3      21
4      11
       ..
430    12
431    11
432    12
433    11
434    11
Name: parcela, Length: 435, dtype: int64",0.838057137707673,0.676114275415346,-0.18419457890272176,0.475663228236741,0.014418981296758109,0,2014-08-21
0.4996432525871885,-0.5001586328606594,0.38114656728868324,0.6028523501273552,"0      1148
1      1150
2      1412
3      1414
4      1660
       ... 
430    4045
431    4055
432    4078
433    4080
434    4084
Name: cuest_id_b, Length: 435, dtype: int640      11
1      11
2      21
3      21
4      11
       ..
430    12
431    11
432    12
433    11
434    11
Name: parcela, Length: 435, dtype: int64",0.8043183422556293,0.6086366845112583,-0.14860407165868547,0.41406527782569413,0.013051660601819457,1,2014-08-21
0.28982909118806444,-0.5845809228796061,0.22247066326331846,0.46981202896461594,"0      1148
1      1150
2      1412
3      1414
4      1660
       ... 
430    4045
431    4055
432    4078
433    4080
434    4084
Name: cuest_id_b, Length: 435, dtype: int640      11
1      11
2      21
3      21
4      11
       ..
430    12
431    11
432    12
433    11
434    11
Name: parcela, Length: 435, dtype: int64",0.7114866732825142,0.42297334656502855,0.1544431850048021,0.26369971539731407,0.0049543820033955905,0,2014-08-21
0.37537070669350836,-0.5596754547871421,0.2674001871762508,0.5348805926778923,"0      1148
1      1150
2      1412
3      1414
4      1660
       ... 
430    4045
431    4055
432    4078
433    4080
434    4084
Name: cuest_id_b, Length: 435, dtype: int640      11
1      11
2      21
3      21
4      11
       ..
430    12
431    11
432    12
433    11
434    11
Name: parcela, Length: 435, dtype: int64",0.7535246919184854,0.507049383836971,0.03497241343443377,0.3203300543503402,0.007810457029425508,1,2014-08-21
0.6561228784120776,-0.4860770603881349,0.35775387102644446,0.6372149961800061,"0      1148
1      1150
2      1412
3      1414
4      1660
       ... 
430    4045
431    4055
432    4078
433    4080
434    4084
Name: cuest_id_b, Length: 435, dtype: int640      11
1      11
2      21
3      21
4      11
       ..
430    12
431    11
432    12
433    11
434    11
Name: parcela, Length: 435, dtype: int64",0.8557905344413983,0.7115810688827968,-0.21876162483775072,0.4297213864414904,0.01393944353709753,1,2014-08-21
0.3265696844648459,-0.31227001834309503,0.30548938313966423,0.42338750712085055,"0      1148
1      1150
2      1412
3      1414
4      1660
       ... 
430    4045
431    4055
432    4078
433    4080
434    4084
Name: cuest_id_b, Length: 435, dtype: int640      11
1      11
2      21
3      21
4      11
       ..
430    12
431    11
432    12
433    11
434    11
Name: parcela, Length: 435, dtype: int64",0.7143560267669669,0.4287120535339339,-0.13946286781650125,0.30230549304704346,0.01357196551724138,0,2014-08-21
