,cuest_id_b,parcela,cultivo,temporary_,superf_par,Y,X,patca,correccion,corregido,corregido2,area,geometry,ID,time_x,time_y,temporary_crop,trends
1,3865,12,yuca,1,1.8863997,18.709612,-71.68393399999998,1,ok,ok,ok,15123.949,"POLYGON ((-71.68327079147308 18.70962150177114, -71.68330017018475 18.70942575030631, -71.68339159241557 18.70924823036124, -71.68353610896553 18.7091063187613, -71.68371957351278 18.70901390670195, -71.68392402736764 18.70898004002022, -71.68412945735658 18.70900803376303, -71.6843157547769 18.70909514771018, -71.68446468369424 18.70923285460526, -71.68456166594352 18.70940767483861, -71.68459720812803 18.70960249588698, -71.68456783093677 18.7097982473686, -71.68447640979797 18.7099757677622, -71.68433189349452 18.71011768007109, -71.6841484282541 18.71021009282899, -71.68394397303118 18.71024395993209, -71.68373854152182 18.71021596617248, -71.68355224300944 18.71012885177679, -71.68340331384562 18.70999114417278, -71.68330633228949 18.70981632324086, -71.68327079147308 18.70962150177114))",386512,Baseline,1. Follow-up1,0,no trend
2,3960,11,sandia,1,1.8863997,18.398572,-70.828074,0,Revisar área,se movió hacía la derecha,ok,11223.063,"POLYGON ((-70.826473280282 18.39845825404695, -70.82628114408956 18.39759634818283, -70.82646681586401 18.39759706073858, -70.82700829200836 18.39786146781893, -70.82712670973194 18.39817986782597, -70.82720272855551 18.39956088983683, -70.8268781305805 18.39952906034449, -70.82665610134919 18.39843652620638, -70.826473280282 18.39845825404695))",396011,Baseline,1. Follow-up1,1,trend
5,3718,11,cero,0,1.2575998,18.424549,-71.78182099999998,0,revisar área,ok,ok,15121.632,"POLYGON ((-71.78115894654395 18.42455870359265, -71.78118820858474 18.42436295237226, -71.78127941250398 18.42418541289174, -71.78142363047299 18.42404346389072, -71.78160674539605 18.42395100022744, -71.78181083280394 18.42391707279102, -71.78201591538947 18.42394500257503, -71.78220191845278 18.42403205561844, -71.78235063487172 18.42416971062456, -71.78244750728311 18.42434449306129, -71.78248305304511 18.42453929410441, -71.78245379250063 18.42473504533087, -71.78236258966309 18.42491258524591, -71.78221837194803 18.42505453494392, -71.78203525635415 18.42514699930045, -71.78183116760688 18.42518092716155, -71.78162608352505 18.42515299737148, -71.78144007938003 18.42506594389354, -71.78129136270717 18.42492828819042, -71.7811944909666 18.42475350506045, -71.78115894654395 18.42455870359265))",371811,Baseline,1. Follow-up1,1,no trend
6,3720,11,habichuela negra,1,2.2007997,18.317826999999998,-71.593568,0,mover hacia arriba,ok,ok,15125.844,"POLYGON ((-71.59290625088707 18.31783599680354, -71.59293572867323 18.31764024771227, -71.59302709742592 18.31746277933554, -71.59317141318421 18.317320963452, -71.59335454928261 18.31722868188996, -71.59355857918038 18.31719496771488, -71.5937635311993 18.317223121047, -71.59394934341829 18.31731038604471, -71.59409782739355 18.31744822066458, -71.59419444851264 18.31762313279213, -71.59422974873065 18.31781800090643, -71.59420027242655 18.31801375001685, -71.59410890473583 18.31819121883391, -71.59396458921383 18.31833303541074, -71.59378145243573 18.31842531765423, -71.59357742120194 18.31845903223862, -71.59337246770097 18.31843087888734, -71.59318665442001 18.3183436134493, -71.59303817020846 18.31820577813614, -71.59294154976905 18.31803086532715, -71.59290625088707 18.31783599680354))",372011,Baseline,1. Follow-up1,0,no trend
10,3727,12,maiz grano/mazorca,1,9.1175985,18.633328,-70.754194,0,mover hacia el centro del cultivo y revisar área,Se movió hacia arriba y derecha,ok,15141.133,"POLYGON ((-70.75266291862881 18.6339054256724, -70.75269338034043 18.63370971146509, -70.75278579179574 18.63353254989802, -70.75293110697264 18.63339128270992, -70.7531151013863 18.63329973801681, -70.75331976448956 18.63326687675807, -70.75352506262948 18.63329591557278, -70.75371090000547 18.63338401195176, -70.75385908570536 18.63352254247742, -70.7539551143032 18.63369794691735, -70.7539895857428 18.63389305555586, -70.75395912552187 18.6340887698499, -70.75386671508731 18.63426593190843, -70.75372140007131 18.63440719980498, -70.75353740489727 18.63449874515296, -70.75333274040278 18.63453160676282, -70.75312744077218 18.63450256786139, -70.75294160237544 18.63441447099095, -70.75279341651463 18.63427593975682, -70.75269738867718 18.63410053466203, -70.75266291862881 18.6339054256724))",372712,Baseline,1. Follow-up1,0,no trend
12,3728,11,maiz grano/mazorca,1,1.8863997,18.773367999999998,-70.891994,1,mover hacia el centro del cultivo,ok,ok,15139.016,"POLYGON ((-70.89133017411068 18.77337472093807, -70.89136048401467 18.77317899847342, -70.8914528067032 18.77300177688928, -70.89159810484071 18.7728604037996, -70.89178215560841 18.77276871768601, -70.89198694294238 18.77273569332955, -70.8921924210303 18.77276456333274, -70.89237847645934 18.77285250170957, -70.89252689697534 18.77299090050849, -70.89262315416886 18.77316621239218, -70.89265782560756 18.77336127670656, -70.89262751721068 18.77355699924906, -70.89253519556122 18.77373422132248, -70.89238989759784 18.77387559512602, -70.89220584607283 18.77396728190535, -70.89200105733937 18.77400030662514, -70.89179557774435 18.77397143654412, -70.89160952127627 18.77388349767799, -70.89146110058611 18.77374509816523, -70.8913648441499 18.77356978561579, -70.89133017411068 18.77337472093807))",372811,Baseline,1. Follow-up1,0,no trend
14,3767,11,maiz grano/mazorca,1,1.2575998,18.426375,-71.781766,0,mover hacia el centro del cultivo y revisar área,Se movió hacia la izquierda,ok,15121.601,"POLYGON ((-71.78243733818482 18.426633232966, -71.78246659875681 18.42643748173138, -71.78255780205744 18.42625994169875, -71.78270202031848 18.42611799166177, -71.78288513641569 18.42602552658009, -71.78308922576488 18.42599159748166, -71.78329431086883 18.42601952552269, -71.78348031678122 18.42610657691279, -71.78362903610103 18.42624423051709, -71.78372591118116 18.42641901194072, -71.78376145911851 18.42661381245864, -71.78373220004303 18.42680956369927, -71.78364099782435 18.42698710416642, -71.78349677981736 18.42712905490047, -71.78331366304931 18.42722152067552, -71.78310957236063 18.42725545019878, -71.78290448576016 18.42722752215174, -71.78271847876584 18.42714047032711, -71.78256975919196 18.42700281602574, -71.78247288478268 18.42682803390873, -71.78243733818482 18.426633232966))",376711,Baseline,1. Follow-up1,0,no trend
16,3776,11,maiz grano/mazorca,1,3.1439996,18.79905,-71.07338399999999,1,revisar área y mover al centro,Se movió hacia arriba,"ok, árboles",15136.051,"POLYGON ((-71.07292621625848 18.79994186699027, -71.07295631481071 18.79974613457237, -71.07304844985931 18.79956883989932, -71.07319360243416 18.79942733774065, -71.07337756396272 18.79933547921206, -71.07358232711471 18.79930225597051, -71.07378784844437 18.79933092008481, -71.0739740103071 18.79941866572084, -71.07412259003235 18.79955690379277, -71.07421904362853 18.79973210269643, -71.07425392943985 18.79992711283828, -71.07422383240171 18.80012284532052, -71.07413169840687 18.80030014047491, -71.07398654602297 18.80044164334806, -71.07380258374955 18.80053350255137, -71.0735978192015 18.80056672617015, -71.07339229635772 18.80053806199152, -71.07320613344125 18.80045031587415, -71.07305755352508 18.80031207708774, -71.07296110067371 18.80013687750936, -71.07292621625848 18.79994186699027))",377611,Baseline,1. Follow-up1,0,no trend
20,3789,11,cero,0,2.2007997,18.725346,-70.892527,1,revisar área,Se movió hacia arriba,ok,15139.033,"POLYGON ((-70.89184706834811 18.72569432756001, -70.89187737447558 18.72549860487392, -70.89196967549553 18.72532138451815, -70.89211493619386 18.72518001398662, -70.89229893741661 18.72508833151084, -70.89250366794928 18.72505531151597, -70.89270908753906 18.72508418617769, -70.89289508849868 18.72517212905386, -70.89304346390547 18.72531053175232, -70.89313968976552 18.72548584655373, -70.89317434671403 18.72568091251819, -70.89314404208925 18.72587663528152, -70.89305174210556 18.72605385612501, -70.89290648158122 18.72619522736844, -70.89272247960378 18.72628691050839, -70.89251774767595 18.72631993086599, -70.89231232658349 18.72629105612704, -70.89212632458761 18.72620311276316, -70.89197794900682 18.7260647093528, -70.89188172390148 18.72588939388721, -70.89184706834811 18.72569432756001))",378911,Baseline,1. Follow-up1,1,no trend
21,3790,11,limon,0,12.575998,18.713262,-70.94209600000002,1,mover hacia el centro del cultivo y revisar área,Se movió hacia la izquierda,ok,15138.248,"POLYGON ((-70.94343656123459 18.713113272596, -70.94346680630807 18.71291754684271, -70.94355904547783 18.71274030626485, -70.94370424958363 18.71259890033624, -70.94388820501057 18.71250717075337, -70.94409290502628 18.71247409655233, -70.94429831236478 18.71250291521433, -70.94448432053805 18.71259080577832, -70.9446327219177 18.71272916497239, -70.94472898996814 18.71290444933564, -70.94476370119528 18.71309950090792, -70.94473345762462 18.71329522673437, -70.94464121949409 18.71347246779703, -70.94449601556698 18.7136138744369, -70.94431205938994 18.71370560468581, -70.94410735798186 18.71373867925326, -70.94390194914055 18.7137098605181, -70.94371593992805 18.7136219694693, -70.94356753836971 18.71348360956398, -70.94347127106937 18.71330832453469, -70.94343656123459 18.713113272596))",379011,Baseline,1. Follow-up1,1,no trend
22,3792,11,cero,0,1.6348798,18.505151,-70.587416,1,revisar área,ok,ok,15143.426,"POLYGON ((-70.58675310759801 18.50515656152918, -70.58678375082228 18.50496085853376, -70.58687628282513 18.50478376799978, -70.58702164578723 18.50464262471223, -70.58720561054841 18.50455124465955, -70.58741016946492 18.50451857266665, -70.58761529908142 18.50454780684796, -70.5878009200913 18.50463608557203, -70.58794886275896 18.50477476757259, -70.58804464544603 18.50495027778911, -70.58807889216689 18.5051454361501, -70.58804825041723 18.5053411392433, -70.58795571941555 18.50551823027253, -70.58781035659874 18.50565937426364, -70.58762639107151 18.50575075495943, -70.58742183077021 18.50578342728936, -70.58721669967912 18.50575419301026, -70.58703107766809 18.50566591379093, -70.5868831348551 18.50552723108682, -70.58678735293408 18.50535172022719, -70.58675310759801 18.50515656152918))",379211,Baseline,1. Follow-up1,1,no trend
23,3807,11,cero,0,1.2575998,18.452733,-70.643343,0,mover hacia el centro del cultivo y la zona de influencia contiene edificaciones,"Se movió hacia abajo, sin edificaciones",ok,15142.69,"POLYGON ((-70.6425527896269 18.45128447197166, -70.6425833643262 18.45108876448337, -70.64267581246011 18.45091165234155, -70.6428210844189 18.45077047244694, -70.64300495994969 18.4506790443717, -70.64320944014224 18.45064631764138, -70.64341450924631 18.45067549572804, -70.64360009387816 18.45076372249042, -70.6437480278633 18.45090236174805, -70.64384383041389 18.45107784262402, -70.64387812360098 18.45127298791898, -70.64384755037277 18.45146869550019, -70.64375510324085 18.45164580813282, -70.64360983143231 18.45178698872866, -70.64342595514258 18.45187841744773, -70.64322147357184 18.45191114451851, -70.64301640299671 18.45188196633896, -70.64283081736284 18.45179373908575, -70.64268288322747 18.45165509912689, -70.64258708143581 18.45147961760711, -70.6425527896269 18.45128447197166))",380711,Baseline,1. Follow-up1,1,no trend
24,3832,11,pasto,0,3.1439996,18.882355,-71.26045499999998,1,mover hacia el cenro del cultivo,Se movió hacia abajo,ok,30857.872,"POLYGON ((-71.25918167793816 18.88212392729583, -71.2586152257752 18.88133217276701, -71.25994838336312 18.88142578333353, -71.26034186517319 18.88144096536928, -71.26062457730561 18.88140757879748, -71.26153616289221 18.88134657651887, -71.26164745253176 18.88182440449323, -71.26151753823675 18.88308383742703, -71.26099098788129 18.88253119710408, -71.25987965007126 18.88216535832817, -71.25918167793816 18.88212392729583))",383211,Baseline,1. Follow-up1,1,no trend
25,3837,11,pasto,0,0.94319987,18.775982,-71.549012,1,revisar tipo de cultivo,revisar tipo de cultivo,ok,15126.926,"POLYGON ((-71.5483484605285 18.77599105516981, -71.54837799910106 18.77579530582007, -71.54846959793646 18.77561783149843, -71.54861429054817 18.77547600456306, -71.54879791338192 18.77538370792143, -71.5490024922558 18.77534997611318, -71.54920800176004 18.77537811098418, -71.54939432540885 18.77546535850119, -71.54954322469965 18.77560317833428, -71.54964012436569 18.77577807981912, -71.54967553909211 18.77597294247843, -71.54964600204295 18.77616869185601, -71.54955440429399 18.77634616663497, -71.54940971191675 18.77648799428245, -71.54922608837597 18.77658029161896, -71.5490215081236 18.77661402383947, -71.54881599709596 18.77658588894062, -71.5486296723607 18.77649864096631, -71.54848077283543 18.7763608204211, -71.54838387387643 18.77618591824139, -71.5483484605285 18.77599105516981))",383711,Baseline,1. Follow-up1,1,no trend
27,3850,11,pasto,0,2.8295996,18.945386,-71.262174,1,mover hacia el centro del cultivo,Se movió hacia abajo,ok,14305.811,"POLYGON ((-71.26169104050005 18.94305415242837, -71.26163995435901 18.94247451957917, -71.26200940654711 18.9424475506379, -71.26219398220583 18.94271483672411, -71.26234393310084 18.94372127941381, -71.26211397265698 18.94456264896636, -71.26176741141425 18.94453692902884, -71.26159971118308 18.94377029182791, -71.2615451955668 18.94332546997557, -71.26169104050005 18.94305415242837))",385011,Baseline,1. Follow-up1,1,no trend
28,3861,11,cero,0,6.036479,18.888173000000002,-71.71038399999999,1,mover mas hacia el centro del cultivo,Se movió hacia abajo,"ok, árboles",6838.812,"POLYGON ((-71.71027811695461 18.88729430078205, -71.71053825103668 18.88717074317406, -71.71061921902053 18.88698991752673, -71.71111279713064 18.88671324986714, -71.71075282024758 18.88714765247019, -71.71060506190614 18.88773864274273, -71.71077991231382 18.88850457091061, -71.71040125534276 18.88843025310762, -71.71030952340766 18.88794255898282, -71.71013794800267 18.88770553563339, -71.71027811695461 18.88729430078205))",386111,Baseline,1. Follow-up1,1,no trend
29,3865,11,pasto,0,1.5719998,18.87754,-71.680492,1,"el punto esta sobre la vía, mover hacia la izquierda",Se movió hacia la izquierda,"ok, arbustos",8558.239,"POLYGON ((-71.68074178933962 18.87789487550245, -71.68048442353381 18.87720494528475, -71.68110826770177 18.87687657443121, -71.68132386528237 18.87724773169379, -71.68174475187726 18.87702387633575, -71.68202092483519 18.8772376761032, -71.68074178933962 18.87789487550245))",386511,Baseline,1. Follow-up1,1,no trend
33,3888,11,cero,0,0.81743991,18.678475,-71.341936,1,revisar área,ok,"ok, árboles",15131.107,"POLYGON ((-71.34127273803831 18.67848327829894, -71.34130251662914 18.67828753463851, -71.34139430482107 18.67811014149226, -71.34153911759496 18.67796846327137, -71.34172277963704 18.67787636832656, -71.34192731292892 18.67784287145576, -71.34213269652241 18.67787125150988, -71.3423188262548 18.67795873045752, -71.34246748260239 18.67809674531573, -71.34256411407669 18.67827178632926, -71.34259926161377 18.67846671936105, -71.34256948453232 18.67866246306395, -71.34247769740614 18.6788398566745, -71.34233288484727 18.67898153560415, -71.34214922208739 18.67907363123146, -71.34194468741904 18.67910712849782, -71.34173930231617 18.67907874840121, -71.34155317151804 18.67899126898928, -71.34140451495543 18.6788532534223, -71.34130788419894 18.67867821172627, -71.34127273803831 18.67848327829894))",388811,Baseline,1. Follow-up1,1,no trend
42,3918,11,guandul,1,6.2879992,18.903489999999998,-70.861009,0,revisar área,ok,ok,14889.228,"POLYGON ((-70.86042359004857 18.90367808941381, -70.86051405052069 18.90355736410762, -70.86073140907061 18.90329058604059, -70.86081328419318 18.90310504453902, -70.86077469335312 18.90293568722382, -70.86102512083035 18.90281335917632, -70.86154235782215 18.90311295244095, -70.86149616451223 18.90343020131832, -70.86122094712036 18.90408930462483, -70.86047987380111 18.90449878665445, -70.86020713929192 18.9045015183363, -70.86008413368273 18.90428807406155, -70.86039060155349 18.90401541143344, -70.86040219590012 18.90387800242831, -70.86032007246075 18.90380393792629, -70.86042359004857 18.90367808941381))",391811,Baseline,1. Follow-up1,0,no trend
43,3920,11,guandul,1,2.8295996,18.482028,-70.688897,1,revisar área y tipo de cultivo,ok,"ok, revisar tipo cultivo",15142.042,"POLYGON ((-70.68823423028154 18.48203390992448, -70.68826475491699 18.48183819935003, -70.68835716793227 18.48166106787649, -70.6885024231545 18.4815198542971, -70.68868630196857 18.48142838148115, -70.68889080514252 18.48139560333329, -70.68909591467678 18.48142472835814, -70.68928155323054 18.48151290560807, -70.6894295493518 18.48165150374904, -70.68952541617102 18.48182695592911, -70.68955976946845 18.48202208775832, -70.68952924630804 18.48221779842259, -70.68943683429988 18.48239493038574, -70.68929157923215 18.48253614466752, -70.68910769966098 18.48262761813037, -70.68890319510747 18.48266039662253, -70.68869808409818 18.48263127150787, -70.68851244453728 18.48254309376832, -70.68836444826151 18.48240449492494, -70.68826858219941 18.48222904209799, -70.68823423028154 18.48203390992448))",392011,Baseline,1. Follow-up1,0,no trend
44,3922,11,habichuela negra,1,2.5151997,18.523028,-70.57157599999998,1,ok,ok,ok,13773.211,"POLYGON ((-70.57104304436989 18.52340419248247, -70.57120161889193 18.52330074829415, -70.57118859690296 18.52302123420461, -70.57118112818064 18.52277662673636, -70.57138246933552 18.52247036438087, -70.57235220614342 18.52262208422195, -70.57259351466058 18.52267999576579, -70.57269414627031 18.52280898308261, -70.57311322627729 18.52284544169727, -70.57261195539108 18.52297943754757, -70.57250864599189 18.52313009466981, -70.57226742812965 18.52308216881387, -70.57220830460393 18.52321818827674, -70.57218064168245 18.52332256690765, -70.5719662778278 18.52334931612502, -70.57179456117422 18.52346059578799, -70.57149654496409 18.52349802662912, -70.57137662720044 18.52363118091939, -70.57119099199265 18.52354288713881, -70.57104304436989 18.52340419248247))",392211,Baseline,1. Follow-up1,0,no trend
50,3940,12,cero,0,0.75455987,18.704881,-71.64855,0,revisar área,ok,ok,15124.757,"POLYGON ((-71.6478867907315 18.7048903742947, -71.64791621090529 18.70469462332516, -71.64800767061163 18.70451711630481, -71.64815221698257 18.70437522879362, -71.64833570077764 18.70428284962909, -71.64854016142338 18.70424902142852, -71.64874558508164 18.7042770554724, -71.64893186366926 18.70436420759597, -71.64908076309493 18.70450194680604, -71.64917770807993 18.70467679032977, -71.64921320887491 18.70487162336381, -71.64918379022028 18.70506737435278, -71.64909233160316 18.70524488182325, -71.64894778547546 18.70538677004331, -71.64876430098477 18.70547914990469, -71.6485598389702 18.70551297852393, -71.64835441379279 18.70548494446061, -71.64816813411595 18.70539779188694, -71.64801923444705 18.70526005196798, -71.64792229015768 18.7050852077474, -71.6478867907315 18.7048903742947))",394012,Baseline,1. Follow-up1,1,no trend
52,3949,11,cero,0,0.62879992,18.607032999999998,-70.75088700000002,1,revisar área,ok,"ok, árboles",15141.162,"POLYGON ((-70.75022376960733 18.60703916671726, -70.75025423214876 18.60684345253771, -70.75034663424175 18.60666629267647, -70.75049193078091 18.60652502870543, -70.75067589910584 18.60643348842585, -70.75088053122296 18.60640063234521, -70.75108579651213 18.60642967659583, -70.75127160238804 18.60651777813638, -70.75141976102174 18.60665631304392, -70.75151576963668 18.60683172065696, -70.75155023013286 18.60702683094905, -70.75151976907958 18.6072225452152, -70.75142736800557 18.60739970556713, -70.751282071627 18.60754097024554, -70.75109810254293 18.60763251117898, -70.75089346903694 18.60766536761021, -70.75068820225962 18.607636323273, -70.75050239536472 18.60754822124175, -70.75035423657043 18.60740968562683, -70.75025822871463 18.60723427735994, -70.75022376960733 18.60703916671726))",394911,Baseline,1. Follow-up1,0,trend
53,3952,11,cero,0,1.8863997,18.681203,-70.88990800000002,1,revisar área,ok,"ok, árboles",15139.095,"POLYGON ((-70.88924453304463 18.68120968181596, -70.88927483926709 18.68101395911035, -70.88936712350065 18.68083674113797, -70.88951235217472 18.68069537515962, -70.88969630927019 18.68060369896136, -70.88990098789175 18.68057068635411, -70.89010635286742 18.68059956879049, -70.89029230185537 18.68068751906729, -70.89044063301985 18.68082592806774, -70.89053682669766 18.68100124745535, -70.89057146667452 18.68119631584107, -70.89054116195055 18.68139203862357, -70.89044887875042 18.68156925708235, -70.89030365024996 18.68171062377078, -70.89011969240195 18.6818023006316, -70.8899150123892 18.68183531360079, -70.88970964591502 18.6818064310875, -70.88952369589366 18.68171848032431, -70.88937536455558 18.68158007061378, -70.88927917163029 18.68140475056361, -70.88924453304463 18.68120968181596))",395211,Baseline,1. Follow-up1,1,no trend
62,3991,11,habichuela negra,1,5.344799500000001,18.754737,-70.861374,1,revisar área,ok,ok,11678.803,"POLYGON ((-70.86110245340821 18.75530385953542, -70.86110751387108 18.75480954791997, -70.86111956655859 18.75447492791572, -70.86090241766505 18.75426740232362, -70.86116229014587 18.75413767034617, -70.86136706451776 18.75410468093952, -70.86157251774362 18.75413358710557, -70.86175853884393 18.75422155931872, -70.8619069189244 18.75435998631542, -70.86200313353329 18.75453531799807, -70.86203776440655 18.75473039177422, -70.86200742143436 18.75492611251476, -70.8619150745845 18.7551033216986, -70.86176976326296 18.75524467278651, -70.86158571152998 18.75533632924785, -70.86138093575931 18.7553693190153, -70.86110245340821 18.75530385953542))",399111,Baseline,1. Follow-up1,0,no trend
63,4001,11,habichuela negra,1,3.7727995,18.593641,-70.74679500000002,1,revisar área y tipo de cultivo,Revisar tipo de cultivo,ok,15141.263,"POLYGON ((-70.74613182000918 18.59364714804413, -70.74616228629399 18.59345143407284, -70.74625468683034 18.59327427622726, -70.74639997666539 18.59313301588196, -70.74658393379501 18.59304148048339, -70.74678855132143 18.59300863006131, -70.74699380005265 18.59303768019422, -70.74717958902394 18.59312578726503, -70.74732773206094 18.5932643268094, -70.74742372791374 18.59343973771189, -70.74745817973169 18.59363484962397, -70.74742771493369 18.59383056368199, -70.74733531541523 18.59400772201803, -70.74719002574038 18.59414898307017, -70.74700606785203 18.59424051912197, -70.74680144893779 18.59427336989414, -70.74659619871977 18.59424431967449, -70.74641040873058 18.59415621211322, -70.74626226553342 18.59401767186202, -70.74616627043933 18.5938422603063, -70.74613182000918 18.59364714804413))",400111,Baseline,1. Follow-up1,0,no trend
68,4043,12,habichuela negra,1,0.94319987,18.612488,-70.726214,0,mover hacia el centro del cultivo,Se movió hacia abajo,ok,7441.236,"POLYGON ((-70.7255151625931 18.61206668694714, -70.72560984315321 18.61184862773744, -70.72582304381196 18.61169938250666, -70.72581951934113 18.61160954258644, -70.72593446479954 18.61158352416997, -70.72596683900515 18.61167809245673, -70.72622019309684 18.61187548525382, -70.72651533701926 18.61206250855653, -70.72682014793683 18.61216955626811, -70.72679567969452 18.61233953932377, -70.72631773396077 18.61264582987496, -70.72611308735748 18.61267866021741, -70.72594458614012 18.61232737369012, -70.72582118124856 18.61203392400442, -70.72564798215777 18.61199556870945, -70.72562290856476 18.61210564242214, -70.7255151625931 18.61206668694714))",404312,Baseline,1. Follow-up1,0,no trend
70,4058,11,habichuela blanca,1,1.8863997,18.879918,-71.562083,1,revisar área,ok,ok,15126.679,"POLYGON ((-71.56141905923225 18.87992715002748, -71.56144858481507 18.87973140020651, -71.5615402112129 18.87955391617503, -71.56168496924018 18.8794120712413, -71.56186868893907 18.87931975007397, -71.56207338664645 18.87928598961287, -71.56227902532157 18.87931409450826, -71.56246547583595 18.87940131366116, -71.5626144872695 18.8795391095185, -71.56271147337841 18.87971399376345, -71.56274694038559 18.87990884760688, -71.56271741633618 18.88010459745589, -71.56262579103203 18.88028208194741, -71.56248103324094 18.88042392759745, -71.56229731283055 18.88051624946375, -71.56209261373574 18.8805500103395, -71.56188697352721 18.88052190541606, -71.56170052191915 18.88043468580312, -71.56155151024942 18.88029688922948, -71.561454524852 18.88012200428556, -71.56141905923225 18.87992715002748))",405811,Baseline,1. Follow-up1,0,no trend
71,4061,12,pasto,0,10.312319,18.782872,-71.31698799999998,1,Revisar tipo de cultivo,Revisar tipo de cultivo,"ok, árboles",15131.619,"POLYGON ((-71.3163243187705 18.78288023418417, -71.31635413051761 18.78268449137846, -71.3164459896594 18.78250710332172, -71.31659090423105 18.78236543392629, -71.31677468895433 18.78227335067837, -71.31697935380301 18.78223986723058, -71.31718486495269 18.78226826111996, -71.31737110575584 18.78235575296126, -71.31751984581703 18.78249377851004, -71.31761652545303 18.78266882696521, -71.31765168088447 18.78286376346162, -71.31762187065583 18.78305950631295, -71.31753001258427 18.78323689483858, -71.31738509822583 18.78337856494711, -71.31720131277731 18.78347064887994, -71.31699664654194 18.78350413272285, -71.31679113387378 18.78347573878788, -71.3166048920004 18.78338824647768, -71.31645615172599 18.78325022021579, -71.31635947281524 18.78307517107571, -71.3163243187705 18.78288023418417))",406112,Baseline,1. Follow-up1,1,no trend
80,4111,12,pasto,0,1.8863997,18.847534,-71.569126,1,revisar área,ok,ok,17316.318,"POLYGON ((-71.56855393892361 18.84748699756979, -71.56829813827373 18.84686670235892, -71.56854330651881 18.84678846089627, -71.56877867698111 18.84709962073294, -71.56905445389556 18.84731041066895, -71.56922754543021 18.84731800303489, -71.56924554510263 18.84712312147364, -71.56935764732256 18.8469119693681, -71.56958010693515 18.84706360724998, -71.56986705467935 18.84800785859538, -71.56987943563179 18.84813245244777, -71.56978107970043 18.84821365972445, -71.56964201442479 18.84837527838955, -71.56943869371733 18.84844795326343, -71.56865897896992 18.84818922209233, -71.56867728296392 18.84766994765791, -71.56855393892361 18.84748699756979))",411112,Baseline,1. Follow-up1,1,no trend
85,3727,13,auyama,1,4.0871997,18.634757,-70.767438,0,ok,ok,ok,9974.973,"POLYGON ((-70.76683545470166 18.63473270594024, -70.76680511342813 18.63456751877916, -70.76692718827839 18.63448719658317, -70.7670726319829 18.63437099534445, -70.76723886786424 18.63423962018587, -70.76762218810312 18.63433587324367, -70.76780416491222 18.63471361540319, -70.76807284438902 18.63486586601945, -70.76833254886266 18.63516299182261, -70.7681609212583 18.63527944024339, -70.76798333342083 18.63532604535639, -70.76776235293838 18.63522826704067, -70.76746431755325 18.63527600403047, -70.76731618849321 18.63513260512534, -70.76723992977217 18.63484873213695, -70.76692068937059 18.63487170350926, -70.76683545470166 18.63473270594024))",372713,Baseline,1. Follow-up1,0,no trend
87,3783,11,cafe,0,2.2007997,18.721062,-70.882015,1,ok,ok,ok,13221.903,"POLYGON ((-70.8813513746997 18.72106866757521, -70.88138169277509 18.72087294550496, -70.88154890490186 18.72084701286069, -70.88176905929396 18.72085478599068, -70.88178659052393 18.72054507439772, -70.88193830430428 18.72052357996236, -70.88212550693258 18.72054171039772, -70.88231149823429 18.72062966475393, -70.88254776892202 18.72068493946632, -70.88264398139275 18.72086026093177, -70.88267862502033 18.72105533007641, -70.88264830844695 18.72125105222464, -70.88255599905668 18.72142826871785, -70.88241073258875 18.72156963230161, -70.88222672871261 18.72166130522232, -70.88202199911694 18.72169431380152, -70.88181658435917 18.72166542687807, -70.88163059208037 18.7215774721164, -70.8814822286477 18.72143905921073, -70.88138601693223 18.72126373708175, -70.8813513746997 18.72106866757521))",378311,Baseline,1. Follow-up1,1,no trend
88,3783,12,auyama,1,4.4015994,18.902798999999998,-70.858002,1,ok,ok,"ok, revisar tipo cultivo",15139.621,"POLYGON ((-70.85733765239799 18.90280564396313, -70.85736801112941 18.90260992416126, -70.85746042893251 18.90243271251432, -70.85760585916047 18.90229135566268, -70.85779006606494 18.90219969049772, -70.85799501829959 18.90216668974949, -70.85820065391232 18.90219558370969, -70.85838684407224 18.90228354404779, -70.85853536333758 18.90242196066336, -70.8586316736322 18.90259728447586, -70.85866634732454 18.90279235366389, -70.8586359901114 18.90298807354773, -70.85854357335263 18.90316528568985, -70.85839814329617 18.90330664326072, -70.85821393562483 18.90339830909425, -70.85800898197786 18.90343131020503, -70.85780334484684 18.90340241616287, -70.85761715364258 18.9033144553296, -70.85746863420576 18.90317603799478, -70.85737232467801 18.90300071351371, -70.85733765239799 18.90280564396313))",378312,Baseline,1. Follow-up1,0,no trend
95,3937,12,arroz,1,1.8863997,18.758489,-71.486891,1,Revisar el área,ok,"ok, revisar tipo cultivo",15128.202,"POLYGON ((-71.48622749714866 18.75849782668098, -71.48625710835626 18.75830207878936, -71.48634876913114 18.75812462814847, -71.48649350692449 18.75798284479811, -71.4866771537602 18.75789060737941, -71.48688173310738 18.75785694463532, -71.48708721951003 18.75788515165194, -71.48727349874326 18.75797246733453, -71.48742233665139 18.75811034468101, -71.48751916397542 18.75828528739714, -71.4875545024813 18.75848017096921, -71.487524892794 18.7586759188932, -71.48743323310005 18.75885336999388, -71.4872884955354 18.75899515405582, -71.48710484798879 18.75908739216611, -71.48690026726266 18.7591210553176, -71.48669477933973 18.75909284826861, -71.48650849902556 18.75900553212623, -71.48635966088874 18.75886765406815, -71.48626283427559 18.75869271066045, -71.48622749714866 18.75849782668098))",393712,Baseline,1. Follow-up1,0,no trend
101,3996,11,cafe,0,6.2879992,18.61272,-70.74106,1,ok,ok,ok,14269.944,"POLYGON ((-70.74039674408742 18.61272613391405, -70.74042721844214 18.612530420431, -70.74051963368987 18.61235326440903, -70.74067146884967 18.61223429222002, -70.74082662406796 18.61217169467429, -70.74104598624942 18.6121147442166, -70.74125883691046 18.61211668393326, -70.74144464504514 18.61220479503585, -70.74159280176218 18.61234333785134, -70.74168880447257 18.61251875094416, -70.74172325565416 18.61271386375144, -70.74169278278788 18.6129095773219, -70.74156112588923 18.61307734687698, -70.74140528358687 18.61320111405643, -70.74118106499786 18.61329555646084, -70.74086417042366 18.61328850199505, -70.74071153195705 18.61321252422911, -70.74053202678454 18.61306939102911, -70.7404311938793 18.61292124707127, -70.74039674408742 18.61272613391405))",399611,Baseline,1. Follow-up1,1,no trend
102,4005,11,ají,1,2.5151997,18.605342,-70.72984,0,Revisar el área,ok,ok,15141.456,"POLYGON ((-70.72917676871624 18.60534809206384, -70.72920725551596 18.60515237931088, -70.72929967957954 18.60497522804399, -70.7294449936512 18.6048339789936, -70.72962897335461 18.60474245850045, -70.72983360958257 18.60470962513533, -70.73003887131264 18.60473869280723, -70.73022466630783 18.60482681618241, -70.73037280780397 18.60496536920075, -70.73046879470184 18.60514078942792, -70.73050323102703 18.6053359056026, -70.73047274571476 18.60553161844372, -70.73038032266854 18.60570877020229, -70.73023500875554 18.60585001996002, -70.7300510282915 18.60594154110603, -70.72984639067414 18.60597437482014, -70.7296411274566 18.60594530706007, -70.72945533144406 18.60585718319322, -70.72930718978925 18.60571862946753, -70.72921120365204 18.6055432085875, -70.72917676871624 18.60534809206384))",400511,Baseline,1. Follow-up1,0,no trend
103,4005,12,cafe,0,1.2575998,18.604681,-70.728398,0,Revisar el área,ok,ok,11186.208,"POLYGON ((-70.72763940247148 18.60521741031629, -70.72759806437017 18.60475344977935, -70.72752868611866 18.60462427087072, -70.72751136585129 18.60446465691993, -70.727998264788 18.60445519636195, -70.72816541400778 18.60441371915098, -70.72834817035326 18.60436211274209, -70.72860352490234 18.60423993911805, -70.72866519743967 18.60412453625576, -70.72878266960622 18.60416581886274, -70.72874923291749 18.60466799077111, -70.72868605510457 18.60515288201725, -70.72847731953846 18.60522469889009, -70.72820474324233 18.60519724351573, -70.72763940247148 18.60521741031629))",400512,Baseline,1. Follow-up1,1,no trend
104,4006,11,aguacate,0,1.2575998,18.607828,-70.72654300000002,1,ok,ok,ok,15141.511,"POLYGON ((-70.72603644234742 18.60826253353698, -70.72606693300629 18.60806682101596, -70.72615936176423 18.60788967095096, -70.72630468090595 18.60774842395477, -70.72648866555886 18.607656906167, -70.72669330613134 18.60762407589366, -70.72689857117574 18.6076531467411, -70.72708436813062 18.60774127306477, -70.72723251004003 18.60787982851598, -70.7273284957642 18.60805525042226, -70.7273629294436 18.60825036735793, -70.72733244027238 18.6084460799674, -70.72724001253175 18.60862323052431, -70.72709469354841 18.60876447822797, -70.72691070813447 18.60885599666854, -70.72670606617224 18.60888882729069, -70.72650079964019 18.6088597563548, -70.72631500166801 18.60877162953922, -70.72616685960021 18.60863307338055, -70.72607087463707 18.60845765082144, -70.72603644234742 18.60826253353698))",400611,Baseline,1. Follow-up1,1,no trend
106,4043,11,cafe,0,5.030399299999999,18.615945,-70.73347,0,ok,ok,ok,10010.757,"POLYGON ((-70.73280672890974 18.6159511081953, -70.73283721230501 18.61575539524872, -70.73292963719388 18.61557824222817, -70.73307495623961 18.61543699003574, -70.73325894457898 18.61534546531967, -70.73346359225944 18.61531262706405, -70.73366886713764 18.61534168965651, -70.7338546756897 18.61542980826051, -70.73400282982455 18.615568357283, -70.73405856388212 18.61575858584998, -70.73413327083293 18.61593888946973, -70.73390013963737 18.61601593075091, -70.73379068225047 18.61606686801022, -70.73335128384964 18.61611585150554, -70.73325295650039 18.61623159344753, -70.73294151954204 18.61624694371347, -70.73280672890974 18.6159511081953))",404311,Baseline,1. Follow-up1,1,no trend
110,4080,11,aguacate,0,25.151997,18.733081,-70.91066600000002,0,El punto se encuentra cercano al otro cultivo se recomienda mover el punto al centro de este,Se movió hacia el lado izquierdo,ok,15138.718,"POLYGON ((-70.91183137124229 18.73248806452938, -70.91186165446949 18.73229234067897, -70.91195393667041 18.73211511211078, -70.91209918447285 18.73197372712274, -70.9122831799849 18.73188202536138, -70.91248791255092 18.73184898313957, -70.91269334171902 18.73187783480844, -70.91287935886453 18.73196575617639, -70.91302775548064 18.73210414095648, -70.91312400549762 18.73227944318344, -70.91315868718615 18.73247450314836, -70.91312840546277 18.73267022707456, -70.91303612429995 18.73284745612971, -70.91289087667337 18.7329888418299, -70.91270688040778 18.73308054425653, -70.91250214644664 18.73311358684267, -70.9122967157747 18.733084735098, -70.9121106975911 18.73299681324308, -70.91196230079912 18.73285842775085, -70.91186605153568 18.73268312485861, -70.91183137124229 18.73248806452938))",408011,Baseline,1. Follow-up1,1,no trend
111,4084,11,arroz,1,0.81743991,18.729731,-70.961163,0,ok,ok,ok,21978.337,"POLYGON ((-70.9604194697105 18.72977623017057, -70.96040173441889 18.72823878143862, -70.96018687273467 18.72778173768829, -70.96110930175053 18.72780203159507, -70.96102720850878 18.72886126301016, -70.96110332141477 18.72910009698395, -70.96118473132836 18.72934386773044, -70.96136752569848 18.72929202952055, -70.96183752485575 18.7293819587912, -70.96166132381954 18.72955104780423, -70.96152430095498 18.72970974154016, -70.96119268112349 18.73003272425782, -70.96044917833426 18.73008045052319, -70.96045355371409 18.73000551991665, -70.9604194697105 18.72977623017057))",408411,Baseline,1. Follow-up1,0,no trend
118,2172,11,yuca,1,3.1439996,19.65196,-71.034998,0,"Punto sobre la vía, centrar hacía la derecha","se movió hacia la derecha, la zona de influencia contiene árboles",ok,15373.805,"POLYGON ((-71.03392341314132 19.65175060378096, -71.03498515104921 19.65196321364185, -71.0346444128589 19.65335476361485, -71.03379885213869 19.65315468165214, -71.0339334805786 19.65254916230203, -71.03392341314132 19.65175060378096))",217211,Baseline,1. Follow-up1,1,trend
119,2261,11,yuca,1,25.151997,19.479418,-71.271045,0,Revisar área,"se movió hacia abajo, la zona de influencia contiene árboles","ok, arboles",15132.668,"POLYGON ((-71.27038966220654 19.47926601984745, -71.27041955961214 19.47907027942753, -71.27051177097232 19.47889288138508, -71.27065726983912 19.47875119060634, -71.27084181373957 19.47865907666658, -71.27104733833971 19.47862555621969, -71.27125372566589 19.47865391042358, -71.27144077331346 19.47874136377934, -71.27159017191299 19.47887935581334, -71.27168729731881 19.4790543790092, -71.27172264211066 19.4792493009774, -71.27169274628785 19.47944504145459, -71.27160053603701 19.47962243999092, -71.27145503738241 19.47976413151151, -71.27127049271589 19.47985624615771, -71.27106496666408 19.47988976700581, -71.27085857775509 19.47986141274466, -71.27067152899816 19.47977395889501, -71.27052213018646 19.47963596611917, -71.27042500554671 19.47946094221686, -71.27038966220654 19.47926601984745))",226111,Baseline,1. Follow-up1,0,no trend
120,2268,11,yuca,1,2.1379197,19.430139,-71.43725400000001,0,"Punto sobre árbol, revisar área","se movió hacia arriba, la zona de influencia contiene árboles","ok, arboles",15129.431,"POLYGON ((-71.43658779005543 19.43021630960667, -71.43661748248866 19.43002056267846, -71.43670948151829 19.42984310103872, -71.43685478147947 19.42970129580043, -71.43703915936734 19.42960902774334, -71.43724456709619 19.4295753286066, -71.43745089813113 19.42960349703785, -71.43763795557757 19.42969077572103, -71.43778742910824 19.42982862127927, -71.43788468724479 19.43000354053392, -71.43792020957662 19.43019841127075, -71.4378905187256 19.43039415824294, -71.43779852081437 19.43057162036678, -71.43765322108059 19.43071342634437, -71.4374688424423 19.43080569511357, -71.43726343327178 19.43083939466326, -71.43705710065463 19.43081122618803, -71.43687004208978 19.43072394702075, -71.43672056833171 19.4305861007232, -71.43662331094559 19.43041118075643, -71.43658779005543 19.43021630960667))",226811,Baseline,1. Follow-up1,0,no trend
121,2605,11,yuca,1,6.2879992,19.493365,-71.423236,0,Mover y revisar área,se movió hacia arriba y a la izquierda. la zona de influencia contiene árboles,ok,8056.441,"POLYGON ((-71.4242928880815 19.49363155080734, -71.42501877208385 19.49360685169438, -71.42473149578746 19.49394080000558, -71.42480973652764 19.49405881987427, -71.42471695982283 19.49418982246564, -71.42464589880647 19.49436545070576, -71.42429017029127 19.49415561530197, -71.42408911204579 19.49408344787538, -71.42384581201749 19.49400186458514, -71.42341664495407 19.49380798326339, -71.42372743916359 19.49347443123999, -71.4242928880815 19.49363155080734))",260511,Baseline,1. Follow-up1,0,no trend
122,2607,13,yuca,1,14.462399,19.532284,-71.44374599999999,0,ok,la zona de influencia contiene árboles,ok,27498.277,"POLYGON ((-71.44339945250532 19.53374097297789, -71.44345661306441 19.53264225226245, -71.44353481134273 19.53224194083425, -71.44378652557292 19.53217864769153, -71.44441262384503 19.53227498057881, -71.44512718762284 19.53242002044324, -71.44505154166204 19.53368867348642, -71.44339945250532 19.53374097297789))",260713,Baseline,1. Follow-up1,0,no trend
125,2654,11,yuca,1,8.1743994,19.552858999999998,-71.392402,0,Revisar área,"se movió hacia la derecha, la zona de influencia contiene árboles",ok,17268.838,"POLYGON ((-71.39112324963293 19.55330049172201, -71.39110851276823 19.55267048530969, -71.39129447262194 19.55234775522469, -71.39115642827704 19.55203964884751, -71.39182886025979 19.55144961087934, -71.39241952114553 19.55307410736928, -71.3920251103746 19.55311807693445, -71.39112324963293 19.55330049172201))",265411,Baseline,1. Follow-up1,0,no trend
126,2702,12,yuca,1,1.1318399,19.492720000000002,-71.470428,0,"Punto sobre vía, mover hacía la derecha","se movió hacia la derecha, la zona de influencia contiene árboles","ok, árbol",15128.796,"POLYGON ((-71.4693712195923 19.49271858310297, -71.46940087426603 19.49252283507418, -71.46949286261776 19.49234535792773, -71.46963818002696 19.49220352429445, -71.46982260178039 19.49211121773323, -71.47002807549855 19.49207747375177, -71.47023448818773 19.49210559538695, -71.47042163496143 19.49219282990319, -71.47057119674925 19.49233063824705, -71.47066853343414 19.49250553088302, -71.47070411691648 19.492700388203, -71.47067446383168 19.492896136274, -71.4705824766046 19.49307361390496, -71.47043715942618 19.49321544828002, -71.47025273692152 19.49330775555693, -71.47004726175706 19.49334149995464, -71.46984084747893 19.49331337827725, -71.46965369958059 19.49322614327649, -71.46950413756198 19.49308833419086, -71.46940680162834 19.49291344083919, -71.4693712195923 19.49271858310297))",270212,Baseline,1. Follow-up1,0,no trend
127,3055,11,plátano,0,1.1947198,19.421964000000003,-70.63533099999998,1,Centrar punto hacía la derecha,"se movió hacía la derecha, la zona de influencia contiene edificaciones",ok,9232.15,"POLYGON ((-70.63495950326868 19.42200101391263, -70.63493885571366 19.42211488545037, -70.63439813231824 19.4219647278836, -70.63447846587576 19.42155576994477, -70.63549279862833 19.42168099174518, -70.63560699563244 19.4213905815656, -70.6360595446787 19.42143817960964, -70.6359043651014 19.42198733557497, -70.63575518972107 19.42204810614423, -70.63566706003499 19.42222201223582, -70.63526025861874 19.42211974228898, -70.63512830927326 19.42199690999514, -70.63495950326868 19.42200101391263))",305511,Baseline,1. Follow-up1,1,no trend
128,3059,21,plátano,0,9.4319992,19.424403,-70.60901200000002,1,"Punto sobre la vía, centrar punto hacía la derecha","se movió hacía la derecha, la zona de influencia contiene edificaciones",ok,22548.76,"POLYGON ((-70.60828636321708 19.42441823574397, -70.60894368253879 19.42126729348491, -70.60955760515455 19.42138587423923, -70.60889121229879 19.42444388196835, -70.60828636321708 19.42441823574397))",305921,Baseline,1. Follow-up1,1,no trend
129,3091,11,tabaco,1,1.2575998,19.577316,-70.868375,0,"Punto sobre la vía, mover hacía la izquiersa, revisar área","se movió hacia la derecha y abajo, la zona de influencia contiene edificaciones","ok, se movio a la derecha",7949.979,"POLYGON ((-70.86733183484779 19.57691625771888, -70.86784160136492 19.57573980435238, -70.86852800690204 19.5760151537883, -70.86839413354164 19.57638167148513, -70.86809632217572 19.57639853509192, -70.86781149596997 19.57691129049444, -70.86733183484779 19.57691625771888))",309111,Baseline,1. Follow-up1,0,no trend
132,3115,11,tabaco,1,2.0750396,19.410179,-70.53961200000002,0,revisar área,se movió a la izquierda y arriba,ok,8637.544,"POLYGON ((-70.53941131810362 19.41051601091227, -70.53967588609329 19.40969210113989, -70.5404898755709 19.40995392192482, -70.54030666175773 19.41074096880936, -70.53941131810362 19.41051601091227))",311511,Baseline,1. Follow-up1,0,no trend
134,3127,11,yuca,1,4.7159996,19.854517,-71.036073,1,Centrar punto hacía la derecha,se movió hacía la derecha,ok,9715.291,"POLYGON ((-71.0352356245828 19.85525253368691, -71.03504504766667 19.85443841806235, -71.03599263798782 19.85424160490455, -71.03615697750075 19.85516713930839, -71.0352356245828 19.85525253368691))",312711,Baseline,1. Follow-up1,0,no trend
136,3183,11,yuca,1,1.4462398,19.854802,-71.030102,1,"Punto sobre la vía, mover hacía la derecha","se movió hacia la derecha, la zona de influencia contiene árboles",ok,9776.515,"POLYGON ((-71.02915878600626 19.85496673941133, -71.02900045065351 19.85539735492205, -71.0287004269081 19.85585024900255, -71.02829076623991 19.85541059976378, -71.02870650092426 19.85461023904036, -71.02999759230184 19.85480219445241, -71.02996766092349 19.85502469131687, -71.02915878600626 19.85496673941133))",318311,Baseline,1. Follow-up1,0,no trend
137,3222,11,yuca,1,1.3204799,19.534753,-70.79369199999998,1,ok,ok,ok,15140.713,"POLYGON ((-70.79302508434162 19.53475961977337, -70.79305556825099 19.53456390758535, -70.79314835034894 19.53438670517694, -70.79329434832418 19.5342453582808, -70.79347927085382 19.53415370281005, -70.79368501654676 19.53412071054322, -70.79389144579019 19.53414961094122, -70.79407835207533 19.53423757504513, -70.79422743986585 19.53437599238932, -70.79432411543389 19.53455131382558, -70.79435891538675 19.5347463777678, -70.79432843305348 19.53494209005025, -70.79423565203336 19.53511929297771, -70.79408965422597 19.53526064061928, -70.79390473089008 19.53535229677708, -70.79369898372477 19.53538528941017, -70.79349255290524 19.53535638891776, -70.79330564554228 19.53526842429478, -70.79315655758391 19.53513000620519, -70.79305988282213 19.53495468408186, -70.79302508434162 19.53475961977337))",322211,Baseline,1. Follow-up1,1,trend
139,3245,21,yuca,1,0.62879992,19.430553,-70.50953800000002,0,"Punto sobre la vía, mover hcía la derecha","se movió hacia la derecha, la zona de influencia contiene árboles",ok,11784.325,"POLYGON ((-70.50764744873098 19.43019318111302, -70.50798395456088 19.42970534373706, -70.50955278202983 19.43031738781335, -70.50933921248375 19.43085774269759, -70.50764744873098 19.43019318111302))",324521,Baseline,1. Follow-up1,0,no trend
140,3258,12,yuca,1,5.030399299999999,19.492004,-70.580743,0,Revisar el área,la zona de influencia contiene árboles,"ok ,arboles",14267.092,"POLYGON ((-70.58007618623849 19.49200982168795, -70.58010692579295 19.49181412614113, -70.580199928534 19.49163701686473, -70.58034609055493 19.4914958304737, -70.58053110447774 19.49140438717004, -70.58073685996713 19.49137163796539, -70.58094321645177 19.49140078853044, -70.58108617203779 19.49145771057172, -70.58102741644836 19.4918510061024, -70.58137527919069 19.49180305041844, -70.58140981352237 19.49199817585801, -70.58137907553449 19.49219387151501, -70.58128607385297 19.49237098131941, -70.58113991197983 19.49251216845456, -70.58095489723662 19.49260361243426, -70.580749140272 19.49263636198862, -70.5805427822208 19.4926072113134, -70.5803560230694 19.49251901389544, -70.58020714425523 19.49238040318755, -70.58011071909493 19.49220494747725, -70.58007618623849 19.49200982168795))",325812,Baseline,1. Follow-up1,0,no trend
142,3296,11,plátano,0,0.94319987,19.840521,-71.020905,0,"Punto sobre la vía, mover hacía arriba",mover hacía arriba y a la izquierda,ok,8961.414,"POLYGON ((-71.02035141220959 19.84157774004686, -71.02074112306774 19.84055151596972, -71.02147872991959 19.84074362242314, -71.02098507468223 19.84174202923761, -71.02035141220959 19.84157774004686))",329611,Baseline,1. Follow-up1,0,trend
143,3312,11,tabaco,1,1.8863997,19.812873,-70.95701800000002,1,centrar hacia el cultivo,"se movió hacia la izquierda, la zona de influencia contiene edificaciones",ok,14161.303,"POLYGON ((-70.9566195626186 19.81180499715822, -70.9571750816407 19.81149568523923, -70.95791630193781 19.81228379549074, -70.95755407594723 19.81306510839251, -70.95708714947904 19.81306501015587, -70.9566195626186 19.81180499715822))",331211,Baseline,1. Follow-up1,0,no trend
144,3314,11,plátano,0,1.5719998,19.843331,-71.03322,1,"Punto sobre la copa de un árbol, mover hacía la izquierda y arriba",se movió hacía la izquierda y arriba,ok,7174.461,"POLYGON ((-71.03366008656454 19.84355681840979, -71.03482461410378 19.8427086180142, -71.0350820944132 19.84299257108099, -71.03389186452721 19.84394890252561, -71.03366008656454 19.84355681840979))",331411,Baseline,1. Follow-up1,0,trend
145,3324,11,plátano,0,0.37727994,19.816218,-70.99267999999998,1,"Punto sobre la vía, mover hacía abajo","se movió hacia abajo y a la izquierda, la zona de influencia contiene edificaciones","ok, edificacion",7359.46,"POLYGON ((-70.99279249194942 19.81532618340593, -70.99344633472187 19.81564106951375, -70.99358127814214 19.81570790508602, -70.99321300482775 19.81637103453386, -70.99298031398988 19.81632481647741, -70.99263257919817 19.81615296047662, -70.99272856197871 19.81599079593937, -70.99255733450134 19.81590971988849, -70.99279249194942 19.81532618340593))",332411,Baseline,1. Follow-up1,0,trend
146,3327,11,plátano,0,5.030399299999999,19.848060999999998,-71.048097,1,Centrar hacía abajo,se movió hacia abajo y a la izquierda,ok,16173.254,"POLYGON ((-71.04747097133043 19.84728231237535, -71.0478210465194 19.84634734594272, -71.04867973430252 19.84650024648015, -71.04889471332567 19.84654676214276, -71.04855154740636 19.84752236967365, -71.04816066756618 19.8479650421304, -71.04747097133043 19.84728231237535))",332711,Baseline,1. Follow-up1,0,trend
148,3350,12,plátano,0,1.8863997,19.793445000000002,-71.013729,0,Revisar área y tipo de cultivo,se movió hacia abajo y a la derecha,ok,15137.304,"POLYGON ((-71.0125703976823 19.79324265500422, -71.01260063102416 19.7930469291719, -71.01269328341589 19.79286962594167, -71.01283928523817 19.79272810091564, -71.01302434478853 19.7926362074421, -71.01323034726286 19.79260294059427, -71.01343712791522 19.79263155670815, -71.01362444584277 19.79271925465058, -71.01377396521926 19.79285745000935, -71.01387105007329 19.79303261536719, -71.01390619694882 19.79322760441866, -71.01387596521327 19.7934233303317, -71.01378331393138 19.79360063407877, -71.01363731229853 19.79374215986037, -71.01345225194486 19.79383405403959, -71.01324624798129 19.79386732127366, -71.01303946572263 19.79383870507906, -71.01285214668525 19.79375100661977, -71.01270262711932 19.79361281050544, -71.01260554306862 19.79343764444193, -71.0125703976823 19.79324265500422))",335012,Baseline,1. Follow-up1,0,trend
159,1324,21,cero,0,2.2007997,19.116395999999998,-70.607173,0,mover hacia el centro del cultivo y revisar el área,Se movió hacia abajo,"ok, arboles",15143.256,"POLYGON ((-70.60631055800839 19.1160703851396, -70.60634123129012 19.11587468469304, -70.60643402446618 19.11569757226611, -70.60657985414642 19.1155563847841, -70.6067644454845 19.11546494255799, -70.60696972950748 19.11543219649561, -70.60717561178933 19.11546135196047, -70.60736193935546 19.11554955502725, -70.60751047331298 19.11568817183827, -70.60760667414444 19.11586363371774, -70.60764112492889 19.11605876532878, -70.60761045317899 19.11625446587898, -70.60751766104177 19.11643157882025, -70.60737183151056 19.11657276703082, -70.60718723937477 19.11666420992144, -70.60698195391204 19.11669695633045, -70.60677607009833 19.11666780076196, -70.60658974149339 19.11657959718085, -70.60644120738684 19.11644097964127, -70.6063450073531 19.11626551709728, -70.60631055800839 19.1160703851396))",132421,Baseline,1. Follow-up1,1,no trend
173,2647,11,maiz grano/mazorca,1,16.348799,19.458710999999997,-71.27651,0,"el punto esta sobre la copa de un árbol, mover hacia el centro del cultivo y revisar el área",Se movió hacia arriba y derecha,ok,25898.298,"POLYGON ((-71.27520058502637 19.46075431802255, -71.27545635342804 19.45878804030141, -71.27659215394955 19.45900107824407, -71.27654931087477 19.46061339620617, -71.27520058502637 19.46075431802255))",264711,Baseline,1. Follow-up1,0,no trend
174,2688,11,maiz grano/mazorca,1,6.2879992,19.458362,-71.31385299999998,0,el punto esta sobre la vía mover hacia la izquierda,Se movió hacia la izquierda,ok,14640.046,"POLYGON ((-71.31397716550211 19.45839116812489, -71.3140832833807 19.45819351064923, -71.31494578262209 19.45756775903941, -71.31537932178327 19.45779985003446, -71.31532078060715 19.4581295707758, -71.3149428472407 19.45889542072319, -71.31450545353269 19.45915930010427, -71.31397716550211 19.45839116812489))",268811,Baseline,1. Follow-up1,0,no trend
175,2702,11,guandul,1,1.5719998,19.5026,-71.465767,0,"punto sobre la vía, mover hacia la derecha",Se movió hacia la derecha,ok,15128.889,"POLYGON ((-71.46446498613706 19.50221088543777, -71.46449464716164 19.50201513756543, -71.46458664528849 19.50183766191291, -71.46473197494021 19.50169583096472, -71.46491641020518 19.50160352801685, -71.46512189738147 19.50156978822328, -71.46532832215813 19.50159791421101, -71.46551547846555 19.50168515281845, -71.46566504630015 19.50182296459177, -71.46576238495292 19.50199785965981, -71.46579796613149 19.50219271817644, -71.46576830669663 19.50238846609147, -71.46567630969466 19.50256594222906, -71.46553098027331 19.50270777391943, -71.46534654425622 19.50280007758311, -71.46514105563259 19.50283381779268, -71.46493462926621 19.50280569176225, -71.4647474718339 19.50271845266974, -71.46459790376892 19.50258064015424, -71.46450056586829 19.5024057443704, -71.46446498613706 19.50221088543777))",270211,Baseline,1. Follow-up1,0,no trend
178,3055,12,cero,0,0.50303996,19.428365,-70.617025,1,mover hacia el centro del cultivo y revisar el área,Se moció hacia abajo,ok,6503.316,"POLYGON ((-70.61685242709314 19.42845865784862, -70.6166728709164 19.42839535182502, -70.61686478023165 19.42757982933442, -70.61744411048824 19.42762459531848, -70.61727965161631 19.4285547061646, -70.6169693313895 19.42857244899553, -70.61685242709314 19.42845865784862))",305512,Baseline,1. Follow-up1,1,no trend
183,3104,21,cero,0,1.5719998,19.830976999999997,-71.16703200000002,1,ok,ok,ok,15134.692,"POLYGON ((-71.16636400840815 19.83098511343983, -71.16639405318918 19.83078937881674, -71.16648654446655 19.83061200996405, -71.16663242839005 19.83047036890834, -71.16681742479584 19.83037832035557, -71.16702342505945 19.83034487455801, -71.1672302646511 19.83037330536681, -71.16741769689961 19.83046082978615, -71.16756737479018 19.83059888038857, -71.167664646837 19.83077394392672, -71.16769999126173 19.83096888406314, -71.16766994809448 19.83116461875563, -71.1675774579406 19.83134198811887, -71.16743157422114 19.83148362993127, -71.16724657702203 19.83157567919786, -71.16704057527076 19.83160912539369, -71.16683373406534 19.83158069451551, -71.16664630069333 19.83149316958561, -71.1664966225987 19.8313551182265, -71.16639935134521 19.83118005397453, -71.16636400840815 19.83098511343983))",310421,Baseline,1. Follow-up1,1,no trend
188,3168,11,cero,0,4.1500793,19.390898999999997,-70.57975,0,ok,ok,ok,8407.634,"POLYGON ((-70.57931667371325 19.39149519565295, -70.57952878385183 19.39072514575946, -70.57977341994665 19.39048214176128, -70.57992509366741 19.39055894658374, -70.58022466030668 19.39103158990875, -70.58009217211871 19.39152100858103, -70.57984722099515 19.39173146463981, -70.57931667371325 19.39149519565295))",316811,Baseline,1. Follow-up1,0,trend
191,3186,11,cero,0,1.2575998,19.815224,-70.994214,1,posicionarlo hacia el centro del cultivo,Se movió hacia la derecha,ok,6714.314,"POLYGON ((-70.99287841819404 19.81501690901892, -70.99287262363688 19.81471996930156, -70.99417928474493 19.81480699573242, -70.99421441534362 19.81500198988713, -70.99418415764559 19.8151977144699, -70.99291354730083 19.8152119035587, -70.99287841819404 19.81501690901892))",318611,Baseline,1. Follow-up1,1,no trend
193,3188,11,cereza,0,0.81743991,19.8386,-71.02436800000001,1,"el punto esta en la vía, correlo hacia la izquierda de la vía",Se movió hacia la izquierda,ok,15137.135,"POLYGON ((-71.02328771766965 19.83915764161924, -71.02331794089919 19.83896191530194, -71.02341060250484 19.83878460607003, -71.02355663196485 19.83864307011299, -71.02374173487121 19.83855116184882, -71.02394779217606 19.83851787779828, -71.0241546337668 19.83854647598108, -71.0243420127762 19.83863415701925, -71.02449158739941 19.83877233815541, -71.02458871625727 19.83894749336477, -71.0246238915861 19.83914247733559, -71.02459366996754 19.83933820373334, -71.02450100947536 19.83951551348309, -71.02435498020596 19.83965705019759, -71.02416987649462 19.83974895916947, -71.02396381769663 19.83978224360768, -71.0237569744949 19.83975364534444, -71.02356959437205 19.83966596378842, -71.02342001955819 19.83952778189482, -71.02332289150532 19.83935262597773, -71.02328771766965 19.83915764161924))",318811,Baseline,1. Follow-up1,0,trend
195,3188,13,chinola,0,1.1318399,19.828547,-71.013614,1,"el punto esta sobre la vía, mover hacia abajo",Se movió hacia abajo,ok,6990.072,"POLYGON ((-71.01302793067423 19.82883308426614, -71.012857149024 19.82881316516087, -71.01322776383542 19.82788141162758, -71.01374365872108 19.82800107671344, -71.01423930059453 19.82815716756334, -71.01302793067423 19.82883308426614))",318813,Baseline,1. Follow-up1,1,no trend
200,3267,21,pasto,0,0.31439996,19.434099,-70.62769900000002,1,"el punto esta sobre la vía, mover hacia la derecha y abajo","Se movió hacia la derecha y abajo, la zona de influencia contiene árboles","ok, arboles cancha de golf",15143.026,"POLYGON ((-70.62503281502568 19.43406278139423, -70.625063494584 19.43386708164497, -70.62515641857689 19.43368995404255, -70.62530249080605 19.4335487369964, -70.62548741268242 19.4334572537096, -70.62569308287983 19.43342445910762, -70.62589936917499 19.43345356330456, -70.6260860790499 19.4335417173939, -70.62623493619162 19.43368029231358, -70.62633136944753 19.43385572349029, -70.62636593914307 19.43405083859418, -70.62633526114701 19.43424653844949, -70.62624233821344 19.4344236665758, -70.62609626613609 19.43456488436358, -70.62591134344601 19.43465636832648, -70.62570567178017 19.43468916328077, -70.62549938392276 19.43466005897779, -70.6253126729885 19.43457190436456, -70.62516381569498 19.43443332870324, -70.6250673832528 19.43425789685044, -70.62503281502568 19.43406278139423))",326721,Baseline,1. Follow-up1,0,trend
202,3295,11,ñame,1,2.5151997,19.798827,-70.908378,1,"el punto esta sobre la vía, mover hacia la izquierda",Se movió hacia la izquierda,ok,17462.933,"POLYGON ((-70.9063941571675 19.79884217240279, -70.90645900482275 19.79734830777417, -70.90779399590429 19.79798601084036, -70.90731916903628 19.79897319804665, -70.9063941571675 19.79884217240279))",329511,Baseline,1. Follow-up1,0,no trend
208,3332,14,pasto,0,18.863998000000002,19.808329999999998,-70.96745900000002,1,revisar tipo de cultivo y área,Se movió hacia la izquierda,ok,15138.007,"POLYGON ((-70.96987359194489 19.80837837570382, -70.96990387932028 19.80818265265776, -70.96999658834041 19.80800536702905, -70.97014264384312 19.80786387269648, -70.97032774887187 19.80777202000375, -70.97053378417141 19.80773880003236, -70.97074058178303 19.80776746453015, -70.97092789914386 19.8078552076283, -70.97107740048283 19.8079934404948, -70.97117445159355 19.80816863204097, -70.97120955232251 19.80836363339768, -70.9711792665538 19.80855935652792, -70.9710865586413 19.80873664267606, -70.97094050332407 19.80887813776494, -70.97075539748784 19.80896999116196, -70.97054936069624 19.8090032115166, -70.97034256147793 19.80897454693463, -70.9701552430095 19.80888680331703, -70.97000574148507 19.80874856969423, -70.9699086911818 19.80857337744377, -70.96987359194489 19.80837837570382))",333214,Baseline,1. Follow-up1,0,trend
218,3448,12,pasto,0,5.030399299999999,19.813858,-71.00832800000002,0,mover hacia el centro del cultivo,"Se movió hacia arriba y la derecha, la zona de influencia contiene árboles y arbustos","ok, arboles",15137.38,"POLYGON ((-71.0072948951119 19.81458831028536, -71.0073251364923 19.81439258486987, -71.00741780506736 19.81421528318657, -71.00756382963354 19.81407376068599, -71.00774891626206 19.8139818704691, -71.00795494749845 19.81394860729026, -71.00816175578161 19.81397722712633, -71.00834909750431 19.81406492847992, -71.00849863451121 19.81420312660502, -71.00859572910504 19.8143782938137, -71.00863087687614 19.81457328361943, -71.00860063710397 19.81476900911629, -71.00850796963967 19.81494631131741, -71.00836194526249 19.81508783457445, -71.0081768578291 19.81517972549751, -71.00797082510131 19.81521298906249, -71.00776401520991 19.81518436914503, -71.00757667237647 19.81509666727363, -71.00742713518054 19.81495846839207, -71.00733004139161 19.81478330047722, -71.0072948951119 19.81458831028536))",344812,Baseline,1. Follow-up1,0,trend
221,3449,13,pasto,0,1.7606398,19.819592999999998,-71.041167,1,mover hacia el centro del cultivo,"Se movió hacia la derecha, el ára de influencia contiene arbustos",ok,24315.789,"POLYGON ((-71.03865451273263 19.8191504993932, -71.03913242410893 19.81824197205752, -71.04045190620754 19.81898343979273, -71.04087722662668 19.81955462735074, -71.03989188801427 19.82013383979487, -71.03970274184994 19.81961646884541, -71.03867799493423 19.81945751376952, -71.03865451273263 19.8191504993932))",344913,Baseline,1. Follow-up1,0,trend
222,3458,11,pasto,0,10.752479,19.396808,-70.93876400000002,1,mover hacia el centro del cultivo y revisar el área,Se movió hacia la izquierda y arriba,ok,15138.357,"POLYGON ((-70.9418121874151 19.39932084317454, -70.94184248000198 19.39912512016493, -70.94193502975659 19.39894785892072, -70.94208077711063 19.39880641093548, -70.94226545527189 19.39871462201851, -70.94247098676703 19.39868147701064, -70.94267725294797 19.39871022032285, -70.94286406326634 19.39879803837103, -70.94301313158006 19.39893633498483, -70.9431098660697 19.39911157283313, -70.94314479757763 19.39930659851227, -70.94311450655779 19.39950232160332, -70.94302195788366 19.39967958335487, -70.94287621071082 19.39982103207957, -70.94269153176228 19.39991282168567, -70.94248599881207 19.39994596706911, -70.94227973106409 19.39991722367546, -70.94209291966524 19.39982940511993, -70.94194385117032 19.39969110776667, -70.94184711746796 19.39951586922926, -70.9418121874151 19.39932084317454))",345811,Baseline,1. Follow-up1,1,no trend
223,3540,11,cero,0,1.2575998,18.406295,-71.62893699999998,0,revisar área,ok,ok,15125.077,"POLYGON ((-71.62827493242926 18.40630416186214, -71.6283043708621 18.40610841202944, -71.62839573528609 18.4059309268275, -71.62854008216289 18.40578907968181, -71.6287232817804 18.40569675548032, -71.62892740138045 18.40566299146171, -71.62913246050513 18.4056910926247, -71.62931838675033 18.40577830823414, -71.62946698051172 18.40591610108119, -71.62956369643071 18.40609098314091, -71.62959906718248 18.40628583583624, -71.62956963024067 18.40648158568644, -71.62947826688648 18.40665907132982, -71.62933392024962 18.40680091917229, -71.62915071995052 18.40689324405973, -71.62894659900772 18.40692700849147, -71.62874153839201 18.40689890731099, -71.62855561107702 18.40681169126012, -71.62840701707569 18.40667389771629, -71.62831030183828 18.40649901497061, -71.62827493242926 18.40630416186214))",354011,Baseline,1. Follow-up1,1,no trend
224,3542,11,cero,0,1.8863997,18.399213,-71.617684,0,revisar área,ok,ok,15125.338,"POLYGON ((-71.61702195350296 18.39922211928562, -71.61705140480957 18.39902636962496, -71.61714277878424 18.39884888874576, -71.61728713095388 18.39870704965033, -71.61747033108844 18.39861473643864, -71.61767444637921 18.3985809852737, -71.61787949679005 18.39860909989617, -71.61806541076973 18.39869632825349, -71.61821398991432 18.39883413188904, -71.61831069029593 18.39900902172176, -71.61834604611055 18.39920387841363, -71.61831659629402 18.39939962809256, -71.61822522338794 18.39957710941351, -71.61808087145718 18.39971894920547, -71.61789767064055 18.39981126310239, -71.61769355400729 18.39984501467954, -71.61748850210633 18.3998169000388, -71.61730258705809 18.39972967123972, -71.6171540076746 18.39959186690765, -71.61705730797509 18.39941697638969, -71.61702195350296 18.39922211928562))",354211,Baseline,1. Follow-up1,1,no trend
225,3554,11,cero,0,1.6977597,18.486563,-71.85119299999998,0,mover hacia el centro del cultivo,Se movió hacia la derecha y abajo,"ok, arboles",6062.096,"POLYGON ((-71.85052054286641 18.48654149121844, -71.85053647002538 18.48552142798303, -71.85109604517925 18.48542037880248, -71.85092983681093 18.4865353249945, -71.85072570164294 18.48656933489333, -71.85052054286641 18.48654149121844))",355411,Baseline,1. Follow-up1,1,no trend
226,3557,11,cero,0,3.1439996,18.395203,-71.592804,0,revisar área,ok,ok,15125.87,"POLYGON ((-71.59214195567073 18.3952120307614, -71.59217143559515 18.39501628147214, -71.59226283517371 18.39483880959309, -71.59240720742736 18.3946969872454, -71.59259042016038 18.39460469688966, -71.59279453933109 18.39457097245177, -71.59299958452364 18.39459911505641, -71.59318548469743 18.39468636991221, -71.59333404279968 18.39482419596883, -71.59343071696193 18.3949991019505, -71.59346604394649 18.39519396693822, -71.59343656551121 18.39538971624759, -71.59334516699921 18.39556718856949, -71.59320079498217 18.39570901161363, -71.59301758156538 18.39580130265337, -71.5928134610517 18.39583502750157, -71.59260841437002 18.39580688487682, -71.59242251312968 18.39571962957816, -71.59227395479081 18.3955818028251, -71.59217728131233 18.39540689615942, -71.59214195567073 18.3952120307614))",355711,Baseline,1. Follow-up1,1,no trend
228,3566,11,guineo,0,1.8863997,18.409788,-71.632244,0,mover hacia el centro del cultivo,ok,ok,15125.018,"POLYGON ((-71.63158192084182 18.40979717505768, -71.63161135550934 18.40960142517137, -71.63170271767083 18.40942393862945, -71.63184706400941 18.40928208898857, -71.63203026486561 18.40918976138093, -71.63223438735999 18.40915599337857, -71.63243945075132 18.40918409037013, -71.63262538221795 18.40927130202875, -71.63277398164449 18.40940909153235, -71.6328707031178 18.40958397118326, -71.63290607876944 18.40977882264026, -71.63287664559337 18.40997457254385, -71.63278528450211 18.41015205952717, -71.63264093840378 18.41029390986494, -71.63245773686607 18.41038623815881, -71.63225361302875 18.4104200065746, -71.63204854814599 18.41039190956576, -71.63186261560911 18.41030469746573, -71.63171401594234 18.41016690726524, -71.63161729515052 18.4099920269281, -71.63158192084182 18.40979717505768))",356611,Baseline,1. Follow-up1,1,no trend
231,3632,11,cero,0,1.2575998,18.43593,-71.777091,0,revisar área,ok,ok,15121.738,"POLYGON ((-71.77642890031396 18.43593969286835, -71.77645816787935 18.4357439416196, -71.77654938130752 18.43556640316326, -71.77669361183891 18.43542445613863, -71.77687674114817 18.43533199521042, -71.77708084335799 18.435298071, -71.77728593971244 18.43532600418516, -71.77747195416399 18.43541306047204, -71.77762067847577 18.43555071824654, -71.77771755451197 18.43572550270563, -71.77775309927576 18.43592030482713, -71.7777238332076 18.43611605608245, -71.7776326208615 18.43629359497391, -71.77748839058368 18.436435542696, -71.77730526060265 18.43652800431764, -71.77710115705229 18.43656192895257, -71.7768960592006 18.43653399576083, -71.77671004366698 18.43644693903882, -71.77656131910163 18.43630928056685, -71.77646444373723 18.43613449541436, -71.77642890031396 18.43593969286835))",363211,Baseline,1. Follow-up1,1,no trend
241,3914,11,cero,0,1.8863997,18.890127,-70.853212,1,revisar área,"ok, se intesecta con el cultivo de aguacate",ok,7927.765,"POLYGON ((-70.85315736951794 18.89065458589102, -70.85290216010704 18.89015589978862, -70.85281800939788 18.88990870703734, -70.85299705065341 18.8894056914921, -70.85321281016384 18.88927952452292, -70.85367843227669 18.88916636756083, -70.85351459711578 18.88957105278724, -70.85331924708036 18.89056512722031, -70.85315736951794 18.89065458589102))",391411,Baseline,1. Follow-up1,1,no trend
242,3915,11,habichuela roja,1,1.8863997,18.889566000000002,-70.85396799999998,0,mover hacia el centro del cultivo,El cultivo comparte el área de influencia con el culitvo de aguacate,ok,8559.196,"POLYGON ((-70.8534545251464 18.89075702216111, -70.85382086860247 18.88902231483778, -70.85435031793808 18.88878967122641, -70.85386626867631 18.88994099980264, -70.85411419870556 18.89051791277907, -70.85385117116607 18.89078862224339, -70.8534545251464 18.89075702216111))",391511,Baseline,1. Follow-up1,0,no trend
243,276,11,pasto,0,7.545599,19.528879,-71.46013600000002,0,"Punto sobre la vía, mover hacía la derecha o izquierda","Se movió hacia la izquierda, zona de influencia contiene árboles",ok,10019.219,"POLYGON ((-71.45845235179759 19.52883826695094, -71.4585239980013 19.52864515280184, -71.45857403780562 19.52846504479633, -71.46011895628538 19.52864839478596, -71.46005469888897 19.52892375407478, -71.45995579452453 19.5293443132167, -71.45845235179759 19.52883826695094))",27611,Baseline,1. Follow-up1,0,trend
247,1364,11,plátano,0,2.5151997,18.813264999999998,-70.41719300000001,0,Revisar tipo de cultivo,Revisar tipo de cultivo,ok,15145.594,"POLYGON ((-70.41652885794808 18.81327004468939, -70.41655972673983 18.81307435808644, -70.41665258454768 18.81289733293175, -70.41679834165942 18.81275629760797, -70.41698273033485 18.81266505753344, -70.41718770143872 18.81263254383065, -70.41739319117269 18.81266193912074, -70.41757908498271 18.81275036600415, -70.4177271864305 18.81288916871434, -70.41782299833299 18.81306476037674, -70.41785714184064 18.81325995294772, -70.41782627454762 18.8134556396651, -70.41773341774673 18.81363266533331, -70.41758766076558 18.81377370137359, -70.41740327129448 18.81386494209389, -70.4171982987726 18.81389745612507, -70.41699280753993 18.81386806072056, -70.41680691272295 18.81377963332362, -70.41665881114459 18.81364082989693, -70.41656300003774 18.81346523758876, -70.41652885794808 18.81327004468939))",136411,Baseline,1. Follow-up1,1,no trend
248,1413,11,pasto,0,5.6591992,19.229812,-70.66864099999998,0,ok,Zona de influencia contiene árboles,ok,18657.567,"POLYGON ((-70.6679175416498 19.22982117583185, -70.66783914217341 19.22959968493166, -70.66855551589759 19.2294277959314, -70.66886589304998 19.22945597248446, -70.66915419814066 19.22945334437879, -70.66961526857995 19.22931995153057, -70.670054206527 19.22968801236559, -70.67007941312053 19.23002884111143, -70.67009347918585 19.23034393368295, -70.66939300518105 19.23047434341958, -70.66864247594101 19.2304966880401, -70.66924655919189 19.2299795932012, -70.66921695880883 19.22974215543192, -70.66862580294388 19.22992324101295, -70.66814302306763 19.23006199688279, -70.66785680353807 19.23027130686859, -70.6679175416498 19.22982117583185))",141311,Baseline,1. Follow-up1,1,no trend
249,1544,11,plátano,0,1.5719998,19.299296,-70.602851,0,Revisar tipo de cultivo,Revisar tipo de cultivo,ok,5587.309,"POLYGON ((-70.60314797490564 19.29961120283468, -70.60253895767323 19.29911012029853, -70.60295045067036 19.29888946570912, -70.60313125104766 19.29901190168198, -70.60349446814352 19.29886401706579, -70.60374619358625 19.29900391614941, -70.60344296649745 19.29916419345557, -70.60355281749608 19.29926658156669, -70.60348632863965 19.2994858493944, -70.60314797490564 19.29961120283468))",154411,Baseline,1. Follow-up1,0,trend
250,1657,11,plátano,0,5.030399299999999,19.451326,-70.41982299999998,0,Revisar área,"Se movió hacia la derecha y abajo, revisar tipo de cultivo",ok,15145.632,"POLYGON ((-70.4188240698147 19.45085065516812, -70.41885500094644 19.45065497384568, -70.41894816486658 19.45047793656807, -70.41909444189307 19.45033687290159, -70.41927951339254 19.45024559103527, -70.41948526339513 19.45021302617941, -70.41969155186676 19.45024236596111, -70.41987818607591 19.45033073841545, -70.42002689711424 19.45046949310677, -70.42012312812804 19.45064504786461, -70.42015745923727 19.45084021826091, -70.420126529664 19.45103589970534, -70.42003336678901 19.45121293751738, -70.41988708989514 19.45135400192661, -70.4197020175651 19.45144528446028, -70.419496266086 19.45147784965321, -70.41928997605588 19.45144850974951, -70.4191033408016 19.45136013676074, -70.41895462963065 19.45122138132669, -70.41885839944742 19.45104582590148, -70.4188240698147 19.45085065516812))",165711,Baseline,1. Follow-up1,1,no trend
264,2390,11,pasto,0,5.030399299999999,19.551079,-71.53771999999998,0,"Punto sobre vía, mover hacía la izquierda",Se movió hacia la izquierda y abajo,ok,15127.416,"POLYGON ((-71.53757077093182 19.55034573544993, -71.53760034393032 19.55014998529827, -71.53769227831653 19.54997247907183, -71.53783757475118 19.54983059224819, -71.53802201057323 19.54973821359259, -71.53822753202574 19.54970438566912, -71.53843402144287 19.54973241973067, -71.53862126642844 19.5498195716133, -71.53877093829961 19.54995731035214, -71.53886838616454 19.55013215322539, -71.53890407104088 19.55032698549681, -71.53887449963844 19.55052273568612, -71.53878256638541 19.5507002423956, -71.53863727018819 19.55084212996316, -71.53845283361716 19.55093450933941, -71.53824731071531 19.55096833768501, -71.53804081970213 19.55094030358581, -71.53785357358339 19.55085315122012, -71.53770390147479 19.55071541173737, -71.53760645435884 19.55054056814346, -71.53757077093182 19.55034573544993))",239011,Baseline,1. Follow-up1,0,trend
273,2552,12,pasto,0,2.5151997,19.564289000000002,-71.535667,0,Revisar el área y centrar,"Se movió hacia abajo, zona de influencia contiene árboles","ok, arboles",20188.65,"POLYGON ((-71.53510130452547 19.56364087976771, -71.53502422026698 19.56289301676936, -71.53647004112348 19.56338836270022, -71.53694047549767 19.56347556493974, -71.53690036869573 19.56369823003162, -71.53682366289253 19.56401954749785, -71.536238902569 19.56409833871678, -71.5360544501693 19.56419071735843, -71.53584890994831 19.56422454486211, -71.53521156148659 19.56441926726527, -71.53510130452547 19.56364087976771))",255212,Baseline,1. Follow-up1,0,trend
275,2589,11,pasto,0,12.575998,19.417119,-71.269904,0,"Punto sobre copa de árbol, mover hacía abajo y revisar área","Se movió hacia abajo, zona de influencia contiene árboles",ok,15132.69,"POLYGON ((-71.26884772569532 19.41564376317043, -71.2688776218742 19.41544802273198, -71.26896980677617 19.41527062778938, -71.26911525654376 19.4151289429257, -71.26929973351022 19.41503683713758, -71.26950517989313 19.41500332628131, -71.26971148537442 19.41503169057611, -71.26989845556014 19.41511915353523, -71.27004778866281 19.41525715374471, -71.27014486694794 19.41543218288752, -71.27018018760828 19.4156271079917, -71.27015029300614 19.41582284848678, -71.27005810920949 19.41600024392125, -71.26991265965363 19.41614192952416, -71.26972818192442 19.41623403601648, -71.26952273409564 19.41626754727298, -71.26931642703762 19.41623918292155, -71.26912945574657 19.41615171947055, -71.26898012243218 19.41601371852185, -71.2688830449098 19.41583868867482, -71.26884772569532 19.41564376317043))",258911,Baseline,1. Follow-up1,0,trend
280,2603,11,pasto,0,0.62879992,19.445791,-71.11199499999998,0,Revisar tipo de cultivo,Revisar tipo de cultivo,"ok, revisar tipo de cultivo",15135.554,"POLYGON ((-71.1113285754558 19.44579876019109, -71.11135866502816 19.44560302746322, -71.11145104332269 19.44542569489642, -71.11159666755262 19.44528412096676, -71.11178128297573 19.44519216381165, -71.11198681825842 19.44515882473896, -71.11219315438164 19.44518736715418, -71.11238009395187 19.44527499713664, -71.11252933817708 19.4454131369242, -71.1126262780207 19.44558826453721, -71.1126614242251 19.44578323736392, -71.11263133622842 19.44597897016082, -71.11253895902962 19.4461563032282, -71.11239333499687 19.44629787789879, -71.11220871879712 19.44638983575215, -71.1120031820606 19.44642317521372, -71.11179684436168 19.44639463272947, -71.11160990369575 19.44630700224642, -71.11146065927335 19.44616886171793, -71.11136372020638 19.44599373340667, -71.1113285754558 19.44579876019109))",260311,Baseline,1. Follow-up1,1,no trend
292,2630,14,pasto,0,13.959357999999998,19.53055,-71.454277,0,"Punto cercano al de la parcela 15, mover hacia la mitad del cultivo","Se movió hacia arriba, zona de influencia contiene arbustos",ok,13943.393,"POLYGON ((-71.45263645433825 19.53299474389975, -71.45320801797318 19.5328242719222, -71.45378105616537 19.53288880437023, -71.4538518067164 19.53324425654212, -71.45364210077804 19.53342789457666, -71.4536428971857 19.53384111656509, -71.453302318184 19.53437777996324, -71.45288792989487 19.53399600194489, -71.4526720313672 19.53318960537193, -71.45263645433825 19.53299474389975))",263014,Baseline,1. Follow-up1,0,trend
295,2630,12,pasto,0,15.719998,19.53035,-71.454605,0,"Punto sobre la vía, mover hacía la mitad del cultivo","Se movió hacia la izquierda, zona de influencia contiene arbustos","ok, arbol",15129.122,"POLYGON ((-71.45500099879398 19.5318880112225, -71.45503067251271 19.53169226365626, -71.45512269446394 19.53151479039925, -71.45526805673799 19.53137296370129, -71.45545253023009 19.53128066644216, -71.45565805749668 19.53124693321889, -71.45586452030294 19.53127506601538, -71.45605170885702 19.5313623110037, -71.45620129999898 19.53150012810562, -71.45629865073818 19.53167502692857, -71.45633423159887 19.53186988725892, -71.45630455947247 19.53206563486892, -71.45621253864726 19.53224310861244, -71.45606717660286 19.53238493605384, -71.45588270235629 19.53247723402936, -71.4556771736393 19.53251096766834, -71.45547070924073 19.53248283482809, -71.45528351956062 19.53239558935325, -71.45513392818903 19.5322577715079, -71.45503657820429 19.53208287196855, -71.45500099879398 19.5318880112225))",263012,Baseline,1. Follow-up1,0,trend
296,2630,15,pasto,0,24.334557,19.5306,-71.45416999999999,0,Mover punto y revisar área,Se movió hacia arriba y derecha,"ok, arboles",15129.134,"POLYGON ((-71.4525880496532 19.53134331300735, -71.45261772631115 19.5311475655224, -71.4527097508135 19.5309700932335, -71.45285511500089 19.53082826829567, -71.45303958958129 19.53073597341639, -71.45324511700461 19.53070224295977, -71.45345157902072 19.5307303786389, -71.45363876591507 19.53081762634373, -71.45378835469018 19.53095544573011, -71.45388570258707 19.53113034618184, -71.45392128040817 19.53132520732587, -71.45389160534242 19.53152095485476, -71.4537995819659 19.53169842763028, -71.45365421800791 19.53184025331153, -71.45346974267288 19.53193254890707, -71.45326421379913 19.53196627977921, -71.45305775019082 19.53193814405613, -71.45287056217066 19.5318508958647, -71.45272097316614 19.53171307573491, -71.45262362602386 19.5315381745669, -71.4525880496532 19.53134331300735))",263015,Baseline,1. Follow-up1,0,trend
298,2634,12,pasto,0,5.8478394,19.525829,-71.46536999999998,0,"Punto sobre copa de árbol, revisar área","Se movió hacia la izquierda, zona de influencia contiene arbustos",ok,15128.853,"POLYGON ((-71.46760554937373 19.52647921888274, -71.46763520743382 19.52628347089974, -71.46772721246717 19.52610599295325, -71.46787255822011 19.52596415775225, -71.46805701720486 19.52587184900888, -71.46826253339778 19.52583810244431, -71.46846898964785 19.52586622134821, -71.468656176805 19.52595345325245, -71.46880577184608 19.52609125935942, -71.46890313139899 19.52626615035278, -71.46893872512535 19.52646100678538, -71.46890906865737 19.52665675481112, -71.46881706475061 19.52683423324332, -71.46867171922847 19.52697606918749, -71.46848725949053 19.52706837864761, -71.46828174184814 19.52710212562877, -71.46807528400596 19.52707400668212, -71.4678880957222 19.52698677429218, -71.46773850045032 19.52684896744204, -71.46764114165062 19.52667407573191, -71.46760554937373 19.52647921888274))",263412,Baseline,1. Follow-up1,0,trend
300,2635,11,pasto,0,8.1743994,19.51228,-71.491028,0,"Punto sobre arbusto, mover hacía abajo",Se movió hacia abajo,ok,15128.348,"POLYGON ((-71.49049849977543 19.51144953200578, -71.49052812923475 19.51125378329617, -71.49062010130149 19.51107629709606, -71.49076541294879 19.51093444692258, -71.49094984002717 19.51084211795358, -71.49115532963579 19.51080834788998, -71.4913617672256 19.5108364423215, -71.49154894547297 19.51092365117524, -71.49169854222706 19.51106143790972, -71.49179591394832 19.51123631510482, -71.49183152910767 19.51143116466411, -71.49180190123958 19.51162691341453, -71.4917099303002 19.51180440009874, -71.49156461888573 19.51194625101469, -71.49138019105678 19.51203858070095, -71.49117470000084 19.51207235118262, -71.4909682608198 19.5120442567103, -71.49078108144508 19.51195704737247, -71.49063148445813 19.5118192598955, -71.49053411348747 19.51164438198314, -71.49049849977543 19.51144953200578))",263511,Baseline,1. Follow-up1,0,trend
303,2636,21,pasto,0,18.863998000000002,19.469229000000002,-71.503159,0,"Revisar área, centrar punto","Se movió hacia la derecha y arriba, zona de influencia contiene arboles","ok, arbustos",15128.169,"POLYGON ((-71.49987510664687 19.47106192720615, -71.4999047232434 19.47086617823207, -71.49999666706009 19.4706886902028, -71.50014193783572 19.47054683681477, -71.50032631542143 19.47045450356073, -71.5005317517607 19.47042072856119, -71.50073813751828 19.47044881788901, -71.50092527044374 19.47053602197071, -71.50107483282238 19.47067380473168, -71.50117218447969 19.4708486791405, -71.50120779585095 19.47104352737337, -71.50117818084203 19.47123927638706, -71.50108623815085 19.47141676489863, -71.50094096760874 19.47155861902744, -71.50075658927534 19.47165095299778, -71.50055115149277 19.47168472841554, -71.50034476414757 19.4716566390481, -71.50015763009658 19.47156943448409, -71.50000806748443 19.47143165098235, -71.49991071657483 19.47125677585723, -71.49987510664687 19.47106192720615))",263621,Baseline,1. Follow-up1,0,trend
306,2637,11,pasto,0,1.5719998,19.5023,-71.46601899999999,0,Mover hacia la izquierda,Se movió hacia la izquierda,ok,15128.861,"POLYGON ((-71.46653258831917 19.50198112397978, -71.46656224680322 19.50178537603994, -71.46665424244424 19.50160789959126, -71.4667995699081 19.50146606719622, -71.46698400349737 19.50137376229243, -71.46718948967413 19.50134002022533, -71.46739591422521 19.50136814384442, -71.46758307110309 19.50145538021997, -71.46773264024841 19.5015931901166, -71.46782998082385 19.50176808384685, -71.46786556434888 19.50196294169556, -71.46783590745459 19.50215868967793, -71.46774391293857 19.50233616661157, -71.46759858570528 19.50247799974877, -71.46741415136404 19.50257030536844, -71.46720866374004 19.5026040478517, -71.46700223759923 19.50257592419008, -71.4668150795963 19.50248868732956, -71.46666551022042 19.50235087669077, -71.46656817039694 19.50217598224464, -71.46653258831917 19.50198112397978))",263711,Baseline,1. Follow-up1,1,no trend
311,2703,11,pasto,0,7.105439200000001,19.53809,-71.517212,0,"Punto sobre la vía, mover hacía la derecha o izquierda, revisar área",Se movió hacia abajo y derecha,ok,15127.724,"POLYGON ((-71.52227886357295 19.53705735793786, -71.52230845491913 19.536861608244, -71.52240040129017 19.5366841085499, -71.522545702174 19.53654223369365, -71.52273013447423 19.53644987126909, -71.52293564477876 19.5364160622517, -71.52314211651284 19.53644411604386, -71.52332933901104 19.53653128655044, -71.52347898579147 19.53666904098355, -71.52357640841811 19.53684389508507, -71.52361207037904 19.53703873301947, -71.52358248062731 19.53723448275199, -71.52349053538751 19.53741198292945, -71.52334523473961 19.53755385852913, -71.52316080168991 19.53764622167321, -71.52295528993676 19.5376800311114, -71.52274881660824 19.53765197728057, -71.5225615929788 19.53756480629063, -71.52241194596245 19.53742705111409, -71.52231452408527 19.53725219629305, -71.52227886357295 19.53705735793786))",270311,Baseline,1. Follow-up1,0,trend
315,2708,11,pasto,0,3.7727995,19.530179999999998,-71.45266700000002,0,Punto cercano a edificación,"Se movió hacia abajo, zona de influencia tiene arboles",ok,8262.288,"POLYGON ((-71.45265660121952 19.53017329147908, -71.45203166446369 19.52991833848886, -71.45171323238117 19.52939578758084, -71.451856958061 19.5291484370244, -71.45204143153722 19.52905614329528, -71.45221527979274 19.52908937962884, -71.45239853948866 19.52931933582431, -71.45268949167142 19.52946518312593, -71.45267720648994 19.52973395148375, -71.45286972356227 19.52985530767717, -71.45265660121952 19.53017329147908))",270811,Baseline,1. Follow-up1,0,trend
325,2774,11,pasto,0,1.3833598,19.47588,-71.504425,0,"Punto sobre la vía, mover hacía arriba","Se movió hacia arriba, zona de influencia contiene arboles","ok, arboles",15686.25,"POLYGON ((-71.50381162574197 19.47723859627386, -71.50384123773127 19.47704284717646, -71.50386426695897 19.47663094756446, -71.50435153874569 19.47644342393584, -71.50428678831086 19.47683688090181, -71.50449306364733 19.47679270560256, -71.50467064972339 19.47629954750412, -71.5052780627136 19.47648742504532, -71.50510874317087 19.47702531522161, -71.50487753864441 19.47773525877106, -71.50384724255211 19.4774334433571, -71.50381162574197 19.47723859627386))",277411,Baseline,1. Follow-up1,0,trend
330,3055,13,pasto,0,0.31439996,19.427654999999998,-70.61919899999998,1,Centrar punto sobre el cultivo de pasto y revisar el área,Se movió hacia abajo,"ok, arboles",15143.09,"POLYGON ((-70.61846907533165 19.42712856373658, -70.61849976220945 19.42693286448036, -70.6185926902492 19.42675573988123, -70.61873876285652 19.42661452805462, -70.61892368140548 19.42652305169269, -70.61912934489561 19.42649026504317, -70.61933562176011 19.42651937744178, -70.61952232040406 19.42660753917923, -70.61967116561367 19.42674612044483, -70.61976758740425 19.42692155604403, -70.61980214722358 19.42711667321401, -70.61977146190721 19.42731237257668, -70.61967853492591 19.4274894976998, -70.61953246246973 19.42763071026777, -70.61934754310695 19.42772218730527, -70.61914187814881 19.42775497430652, -70.61893559972287 19.42772586180145, -70.61874890002051 19.42763769954001, -70.61860005465972 19.42749911753305, -70.61850363368298 19.42732368125829, -70.61846907533165 19.42712856373658))",305513,Baseline,1. Follow-up1,1,no trend
332,3103,11,plátano,0,0.88031989,19.848955,-71.034357,1,Centrar,Se movió hacia la derecha y abajo,ok,9301.374,"POLYGON ((-71.03438502798518 19.84887842120147, -71.03277861795186 19.8485908392953, -71.03261421413941 19.84810456379232, -71.034392562024 19.84839018551634, -71.03438502798518 19.84887842120147))",310311,Baseline,1. Follow-up1,1,no trend
335,3115,21,plátano,0,2.4523196,19.411885,-70.537537,0,ok,Zona de inflencia contiene arbustos,"ok, arbustos",23518.033,"POLYGON ((-70.53694738119634 19.41134092847088, -70.5398302334422 19.41217587553273, -70.53963071550343 19.41284812902099, -70.53677486783101 19.41196737879303, -70.53694738119634 19.41134092847088))",311521,Baseline,1. Follow-up1,1,no trend
337,3125,11,plátano,0,1.0689598,19.845717999999998,-71.057986,1,Centrar punto,"Se movió hacia la derecha y arriba, zona de influencia contiene arboles",ok,8797.666,"POLYGON ((-71.05694755759824 19.84650487217773, -71.05722408519655 19.84554491833796, -71.05798329458806 19.8457444312205, -71.05777428846146 19.84660597768353, -71.05694755759824 19.84650487217773))",312511,Baseline,1. Follow-up1,1,no trend
340,3130,11,pasto,0,3.7727995,19.890525,-70.969421,1,"Punto sobre copa de árbol, revisar área y mover",Se movió hacia la izquierda y arriba,ok,15137.977,"POLYGON ((-70.97144587541136 19.89191133904336, -70.97147616693735 19.89171561626485, -70.97156891385877 19.8915383273875, -70.97171503730269 19.89139682660771, -70.97190023366191 19.89130496489977, -70.97210637474177 19.89127173422728, -70.97231328223013 19.89130038738535, -70.97250070280977 19.89138811961533, -70.97265029060658 19.89152634314943, -70.97274740295119 19.89170152781298, -70.97278253369538 19.89189652541099, -70.97275224378411 19.89209224827456, -70.9726594979756 19.89226953767403, -70.97251337471766 19.8924110392136, -70.97232817754647 19.89250290162873, -70.97212203496683 19.89253613268574, -70.97191512586375 19.89250747944261, -70.97172770417122 19.8924197466905, -70.97157811618843 19.89228152239663, -70.97148100465577 19.89210633702588, -70.97144587541136 19.89191133904336))",313011,Baseline,1. Follow-up1,1,no trend
348,3163,12,plátano,0,1.5091197,19.405811,-70.564705,0,Revisar área,ok,ok,15143.862,"POLYGON ((-70.56403853310844 19.40581673818118, -70.56406928389947 19.40562104335787, -70.56416226282397 19.40544394290782, -70.56430836830742 19.40530277258234, -70.56449329850636 19.40521135101127, -70.56469895128049 19.40517862707945, -70.56490519611188 19.40520780398402, -70.5650918445407 19.40529602570192, -70.56524062626791 19.40543465655143, -70.56533697752212 19.40561012648429, -70.56537146665529 19.4058052593764, -70.56534071742227 19.40600095431008, -70.56524773955091 19.40617805528603, -70.56510163421351 19.40631922635212, -70.56491670319768 19.40641064859559, -70.56471104895579 19.40644337287476, -70.5645048025664 19.40641419585984, -70.56431815308443 19.40632597361602, -70.56416937121121 19.40618734202591, -70.56407302077385 19.40601187142066, -70.56403853310844 19.40581673818118))",316312,Baseline,1. Follow-up1,0,trend
352,3350,13,plátano,0,0.31439996,19.807170000000003,-71.014782,0,"Punto sobre copa de arbol, revisar cultivo","Revisar tipo de cultivo, se movió hacia abajo y derecha","ok, plamas revisar tipo cultivo",15137.265,"POLYGON ((-71.01371143951548 19.8059940372887, -71.01374167233077 19.80579831143621, -71.01383432940882 19.80562100731586, -71.01398034067149 19.80547948061687, -71.01416541349215 19.80538758485118, -71.01437143176783 19.80535431531635, -71.01457822920595 19.80538292861134, -71.01476556326077 19.80547062387895, -71.01491509652753 19.80560881696883, -71.01501219167517 19.8057839806859, -71.01504734423993 19.80597896888538, -71.0150171130322 19.80617469481866, -71.01492445706485 19.80635199945622, -71.01477844599177 19.80649352691131, -71.01459337236719 19.80658542338315, -71.01438735260113 19.80661869330449, -71.01418055355545 19.80659007992872, -71.01399321838993 19.80650238414389, -71.01384368493356 19.80636419029791, -71.01374659058986 19.80618902587468, -71.01371143951548 19.8059940372887))",335013,Baseline,1. Follow-up1,0,trend
353,3384,11,plátano,0,1.5719998,19.431721,-70.57383400000002,0,ok,ok,"ok, arboles",15143.728,"POLYGON ((-70.57296889797271 19.43166893992639, -70.57299964041205 19.43147324453324, -70.5730926218381 19.43129613964176, -70.57323874043117 19.43115496143792, -70.5734236930644 19.43106352932262, -70.57362937540158 19.43103079321268, -70.57383565403123 19.43105995749714, -70.57402233718551 19.43114816738827, -70.5741711511665 19.43128678836207, -70.57426752904576 19.43146225133714, -70.57430203656884 19.43165738087065, -70.57427129569018 19.43185307637378, -70.5741783153195 19.43203018179161, -70.57403219687338 19.4321713607371, -70.57384724342252 19.43226279352607, -70.57364155961547 19.43229552998437, -70.57343527942515 19.43226636558992, -70.5732485952155 19.43217815517247, -70.57309978108758 19.43203953345702, -70.57300340402593 19.43186406980827, -70.57296889797271 19.43166893992639))",338411,Baseline,1. Follow-up1,0,trend
355,3415,11,plátano,0,1.8863997,19.83031,-71.001232,1,Centrar,Se movió hacia la izquierda,ok,10535.995,"POLYGON ((-71.0012913756634 19.83024989226565, -71.0014416341394 19.83005874985463, -71.00177746058536 19.8297779715196, -71.00271235583836 19.83004448986748, -71.00274750184262 19.83023948083652, -71.00271725366031 19.83043520589802, -71.00262457196563 19.83061250610758, -71.00248434333498 19.83072537446713, -71.00187545076528 19.83049889810342, -71.00120042578024 19.83049298670425, -71.0012913756634 19.83024989226565))",341511,Baseline,1. Follow-up1,1,no trend
356,3449,11,plátano,0,2.5151997,19.841034,-71.022453,1,Centrar punto,Se movió hacia abajo y derecha,ok,15137.153,"POLYGON ((-71.02179445158066 19.84016134328499, -71.02182467673633 19.83996561706461, -71.02191734055097 19.83978830843156, -71.02206337228658 19.83964677351667, -71.02224847731242 19.83955486663596, -71.02245453637317 19.83952158417475, -71.0226613791844 19.83955018399718, -71.02284875875941 19.83963786656481, -71.02299833323796 19.83977604897058, -71.02309546125504 19.83995120506539, -71.02313063512923 19.84014618945085, -71.02310041158458 19.84034191575181, -71.02300774888337 19.84051922490281, -71.02286171733824 19.84066076057518, -71.02267661150725 19.84075266816358, -71.02247055095319 19.84078595101237, -71.02226370653092 19.84075735110936, -71.02207632584252 19.84066966802377, -71.02192675117347 19.84053148486053, -71.02182962396155 19.84035632805803, -71.02179445158066 19.84016134328499))",344911,Baseline,1. Follow-up1,1,no trend
359,949,11,cafe,0,3.7727995,18.610898000000002,-70.728301,0,Revisar el área,ok,ok,15141.517,"POLYGON ((-70.7276377466512 18.61090408839407, -70.72766823565513 18.61070837577659, -70.72776066386693 18.61053122499113, -70.72790598362475 18.610389976721, -70.72808996999568 18.61029845723049, -70.72829461321989 18.61026562499227, -70.72849988159021 18.61029469380498, -70.72868568221969 18.61038281822327, -70.7288338277927 18.61052137208493, -70.72892981681089 18.61069679287312, -70.72896425309227 18.61089190927162, -70.72893376557629 18.61108762197746, -70.72884133838205 18.61126477325482, -70.72869601878277 18.61140602223254, -70.72851203165081 18.61149754237602, -70.72830738703664 18.6115303749632, -70.72810211717839 18.61150130606213, -70.72791631553133 18.61141318115192, -70.72776816979979 18.61127462658268, -70.72767218154264 18.61109920514152, -70.7276377466512 18.61090408839407))",94911,Baseline,1. Follow-up1,1,no trend
364,2627,11,auyama,1,50.303993,19.507827,-71.27959199999998,0,"El punto se encuentra sobre la vía, revisar el área, se encuentran edificaciones.",Se movió hacia la derecha,ok,15132.506,"POLYGON ((-71.27822499153503 19.50818380111944, -71.27825488077991 19.50798806039364, -71.27834709600972 19.50781065808505, -71.27849261039735 19.50766895949739, -71.27867717995044 19.50757683497021, -71.27888273782409 19.50754330219356, -71.27908916278797 19.50757164353213, -71.27927624875359 19.50765908474633, -71.27942568260103 19.50779706655108, -71.2795228367344 19.50797208243152, -71.27955820092129 19.50816700071438, -71.27952831326215 19.50836274149718, -71.27943609914405 19.50854014430024, -71.27929058496944 19.50868184363089, -71.27910601464936 19.50877396886584, -71.27890045532162 19.5088075020447, -71.27869402877199 19.50877916064912, -71.27850694169467 19.50869171894048, -71.2783575076342 19.50855373639271, -71.27826035426783 19.5083787198045, -71.27822499153503 19.50818380111944))",262711,Baseline,1. Follow-up1,0,no trend
365,2843,11,arroz,1,18.863998000000002,19.333319,-71.72135900000002,0,El punto se encuentra sobre una edificación,Se movió hacia la izquierda,"ok, arboles",15123.279,"POLYGON ((-71.72349634822548 19.33443769678874, -71.72352568864162 19.33424194290033, -71.72361731721996 19.33406437656518, -71.72376226455594 19.33392237914705, -71.72394634215836 19.33382985023827, -71.72415153133166 19.33379584711066, -71.72435774693204 19.33382369816576, -71.7245448033642 19.33391067715121, -71.72469439040219 19.3340482700242, -71.72479186546053 19.33422300833996, -71.72482768689871 19.33441778759717, -71.72479834806258 19.3346135415065, -71.72470672061745 19.33479110830845, -71.72456177353504 19.33493310646097, -71.72437769520971 19.33502563609121, -71.72417250461312 19.33505963965178, -71.72396628743272 19.33503178857577, -71.72377922986735 19.33494480912351, -71.72362964257579 19.33480721551613, -71.72353216824037 19.3346324764789, -71.72349634822548 19.33443769678874))",284311,Baseline,1. Follow-up1,0,no trend
366,3102,11,ají,1,1.5719998,19.870113,-71.069412,1,"El punto se encuentra sobre la vía, es posible que el cultivo se encuentre hacia la derecha o a la izquierda, revisa área, al lado derecho cerca al punto se encuentra un río",Se movió hacia el lado iizquierdo,ok,26890.673,"POLYGON ((-71.06998333988507 19.87062115600862, -71.07030979869295 19.86997119661855, -71.07068955902446 19.86874386230124, -71.07174327851416 19.86903609076768, -71.0715180365145 19.86970258091263, -71.0714325155884 19.86988826130159, -71.07069708791875 19.87135433335486, -71.06998333988507 19.87062115600862))",310211,Baseline,1. Follow-up1,0,no trend
