,ID,trend_Ori,Pvalue_Ori,trends_Mod_yue,Pvalue_Mod_yue,trends_Mod_rao,Pvalue_Mod_rao,trends_seasonal,Pvalue_seasonal,cor_seasonal,Pvalue_seasonal_cor,test
0,27611,increasing,0.007975871270170742,increasing,5.368015787432512e-08,increasing,0.005002076698216618,no trend,0.07559197006417961,no trend,0.30808459846950864,mandal kendal
1,38911,no trend,0.1864225876058696,increasing,0.038119173411328866,no trend,0.14152618222189628,no trend,0.13307596168829838,no trend,0.40234765560147334,mandal kendal
2,39311,increasing,3.6019415516896913e-07,increasing,1.0649747750335337e-10,increasing,0.0006540625963920021,increasing,0.00025915665982401137,no trend,0.1737427334313688,mandal kendal
3,46611,no trend,0.18048826255780726,decreasing,0.00993617309610828,no trend,0.06582429292452918,no trend,0.36131042852617856,no trend,0.2127349840401347,mandal kendal
4,51511,increasing,0.0006789533223501287,increasing,4.0428771441725075e-10,increasing,0.005948309960836173,increasing,0.0061698993205441255,increasing,0.04185385721856849,mandal kendal
5,54411,increasing,0.009707781268806226,increasing,4.301320255528651e-07,increasing,0.0008903193945595245,increasing,0.0002967323112932352,no trend,0.325147621844071,mandal kendal
6,56811,no trend,0.23954257897702336,increasing,0.043181532246389986,no trend,0.25755956488537435,no trend,0.09901983206246179,no trend,0.3742593192802244,mandal kendal
7,79311,increasing,0.0021139011628048543,increasing,1.815876345734324e-06,increasing,0.001885573956890818,increasing,0.023561469340017904,no trend,0.40234765560147334,mandal kendal
8,79312,no trend,0.6064230158288575,no trend,0.3429231625602873,no trend,0.29242478440663966,no trend,0.7089232340537643,no trend,0.3023433217763738,mandal kendal
9,94911,increasing,3.060094779794298e-06,increasing,7.720490913243339e-13,increasing,5.489733077679304e-06,increasing,3.744442243691637e-05,no trend,0.14867072403993165,mandal kendal
10,94912,no trend,0.1936511843395372,no trend,0.1156967572166312,no trend,0.43774902022223405,no trend,0.25530662658218084,no trend,0.6272504311734952,mandal kendal
11,110811,no trend,0.3251561177312121,no trend,0.21834761982657258,no trend,0.5816660004946455,no trend,0.777914344074949,no trend,0.808671457161356,mandal kendal
12,110921,no trend,0.11960608208410317,increasing,0.018209136620073174,no trend,0.20598897713055786,no trend,0.5391997023652979,no trend,0.6858304344516057,mandal kendal
13,115011,increasing,0.01211609385594059,no trend,0.08197930101943762,no trend,0.3393869669523788,increasing,0.006136380877863834,no trend,0.18695197824337795,mandal kendal
14,116621,no trend,0.4381546477534035,no trend,0.5481315832530111,no trend,0.6950760982388597,no trend,0.5577635140476374,no trend,0.5905580033291757,mandal kendal
15,131611,increasing,6.721594504055517e-05,increasing,3.2630032009706156e-10,increasing,3.261539307519712e-07,increasing,3.390628226807024e-05,no trend,0.06281184751609858,mandal kendal
16,132421,no trend,0.10350991607723992,no trend,0.05324592603160516,no trend,0.24365711306650573,increasing,0.03598174599569792,no trend,0.31547461467389804,mandal kendal
17,136411,increasing,3.1775595710215043e-07,increasing,1.7886336856065554e-10,increasing,6.128485183753973e-05,increasing,9.171782727301903e-06,no trend,0.080376901774462,mandal kendal
18,141221,no trend,0.4384927287825724,no trend,0.31316310735007713,no trend,0.6275097853162324,no trend,0.4532547047537365,no trend,0.6892350513387648,mandal kendal
19,141311,increasing,0.008740120734663126,increasing,0.0003368039627780206,no trend,0.19766565065522035,no trend,0.05375670497585916,no trend,0.20543258680135645,mandal kendal
20,141421,no trend,0.4074069064504271,no trend,0.19314549530295722,no trend,0.49876491044667115,no trend,0.18489759896560032,no trend,0.7054569861112734,mandal kendal
21,154411,increasing,0.02352870662375106,increasing,0.0023876852047910457,no trend,0.06381369933824388,increasing,0.0485829309233583,no trend,0.5872945745928102,mandal kendal
22,165711,no trend,0.09365075304097314,increasing,0.012233762348903943,no trend,0.10452658567748907,no trend,0.09435210065733712,no trend,0.25683925795785667,mandal kendal
23,165911,no trend,0.07470624650145252,increasing,0.03261606387686422,no trend,0.26444037387338026,no trend,0.21972010257024177,no trend,0.6783024655972323,mandal kendal
24,166011,increasing,6.687800919191744e-05,increasing,4.9531990065077025e-08,increasing,0.01504750784777742,increasing,0.0012135467225038443,no trend,0.08433223476591456,mandal kendal
25,166211,no trend,0.8812888595708008,no trend,0.8929238297280222,no trend,0.9451220707761299,no trend,0.7166548650600031,no trend,0.8584007529637274,mandal kendal
26,208211,no trend,0.8756958264953834,no trend,0.7917366573134961,no trend,0.9032763933599557,no trend,0.7502139470033224,no trend,0.16491482255330148,mandal kendal
27,215311,no trend,0.055454005113272364,increasing,0.0024101574526889102,no trend,0.16601500875945518,no trend,0.1051925051200413,no trend,0.583882420770365,mandal kendal
28,215411,increasing,0.0027177232687038977,increasing,0.0,increasing,1.2494449919131512e-12,increasing,0.023561469340017904,no trend,0.28091054345969213,mandal kendal
29,215811,no trend,0.641509899256592,no trend,0.425075200505602,no trend,0.6847008642639971,no trend,0.1375638939099033,no trend,0.07308268614357027,mandal kendal
30,216311,increasing,0.00033065600036596976,increasing,1.5855317059276786e-09,increasing,0.013431857196725794,increasing,0.0035362491252097783,no trend,0.26239907931296313,mandal kendal
31,216312,increasing,0.013514822458673414,increasing,7.541034291391746e-05,no trend,0.10117308916446799,increasing,0.012892338994381358,no trend,0.32126105066048427,mandal kendal
32,216411,no trend,0.07459983630031153,increasing,0.0017368960079657825,no trend,0.24336894865121161,no trend,0.08297306072441257,no trend,0.2971465303484704,mandal kendal
33,216811,no trend,0.06906758059762419,increasing,0.022540002425518457,no trend,0.19387452476944822,no trend,0.17031047118644138,no trend,0.7054569861112734,mandal kendal
34,217211,increasing,0.006814800231852658,increasing,0.012380244161618759,no trend,0.11902952217465868,increasing,0.03194989438886253,no trend,0.9440454257000916,mandal kendal
35,223911,no trend,0.0580036573230136,no trend,0.16156676596362818,no trend,0.42672875249634057,no trend,0.10734653699381114,no trend,0.2986244706520633,mandal kendal
36,225211,no trend,0.22683636265300655,decreasing,0.03031633679731538,no trend,0.061833014193590996,no trend,0.31587447983048955,no trend,0.6660925152232606,mandal kendal
37,225611,no trend,0.07878269994763776,increasing,0.0015339303231192147,no trend,0.09903029071525693,no trend,0.07627390963404523,no trend,0.28832242906956584,mandal kendal
38,226111,increasing,0.008208225969339455,increasing,1.943480043564705e-09,increasing,0.0012021409950422335,increasing,0.03588879230160957,no trend,0.12775389001695725,mandal kendal
39,226511,increasing,0.01818199625907968,increasing,6.010459241423405e-09,increasing,1.377844063288336e-07,no trend,0.08766879512992931,no trend,0.35068753604798353,mandal kendal
40,226512,no trend,0.4665328561968496,no trend,0.11427518887005017,no trend,0.4376321806370991,no trend,0.9624845008130272,no trend,0.5423035073433708,mandal kendal
41,226513,no trend,0.12096452710401118,decreasing,0.0008828639934825855,decreasing,0.03495758517133796,no trend,0.0927219283073919,no trend,0.3452196512686685,mandal kendal
42,226811,increasing,0.015428208140098487,increasing,2.0770320352525573e-07,increasing,0.02322147930230134,no trend,0.12715299260001411,no trend,0.8430782049453496,mandal kendal
43,236211,increasing,4.313920652032621e-06,increasing,0.0,increasing,1.4688554530462028e-06,increasing,6.637575873380541e-06,increasing,0.043306413548952705,mandal kendal
44,238021,no trend,0.06997217700194858,increasing,0.0001253299844448108,no trend,0.08350056012835538,no trend,0.1959884112784911,no trend,0.7585470626386264,mandal kendal
45,238022,no trend,0.092441764779712,increasing,0.0009337161537830152,no trend,0.15103770770292368,no trend,0.16487894112774248,no trend,0.6382390337984378,mandal kendal
46,239011,increasing,1.0283513281139633e-05,increasing,3.508377323102607e-06,increasing,0.0015660623927165052,increasing,0.00020252376706864084,no trend,0.16583746172280733,mandal kendal
47,239013,no trend,0.2151167171899746,no trend,0.12557138459073514,no trend,0.4005700382614359,no trend,0.5508020125828832,no trend,0.7509359138372156,mandal kendal
48,243611,increasing,0.006243575167358184,increasing,1.0450707143006e-05,increasing,0.049154608290499224,no trend,0.05506529882771827,no trend,0.13171371691352318,mandal kendal
49,243612,increasing,0.01071415770806139,increasing,7.318843798165275e-05,increasing,0.014739075553268588,no trend,0.08162836380470728,no trend,0.23323022278218541,mandal kendal
50,243613,no trend,0.5075377422991614,no trend,0.27122256852191917,no trend,0.47832328938931656,no trend,0.6407658627055894,no trend,1.0,mandal kendal
51,243712,increasing,0.014578977318006281,increasing,1.3962456857363748e-06,increasing,0.027803555959047044,no trend,0.11553680316775572,no trend,0.4191960547392273,mandal kendal
52,243713,increasing,0.0049398877513577855,increasing,1.3495669134444555e-05,increasing,0.01605110000168386,increasing,0.001624814980050182,no trend,0.1944606765128356,mandal kendal
53,243911,increasing,0.03445354840709691,increasing,0.0001787792264869026,no trend,0.12214743137412709,no trend,0.3316850680568626,no trend,0.6309540411841708,mandal kendal
54,243912,no trend,0.05470615011831148,increasing,0.0004887057804816575,no trend,0.25754862076205964,no trend,0.17046309256417702,no trend,0.501938749886746,mandal kendal
55,251511,no trend,0.4897685776707781,no trend,0.5140317808356798,no trend,0.7015396358259192,no trend,0.8763934510755826,no trend,0.9012877731800328,mandal kendal
56,255211,no trend,0.1671701728762094,increasing,0.0264124203705689,no trend,0.42138979276162813,no trend,0.276242409444738,no trend,0.6353883336877386,mandal kendal
57,255212,no trend,0.13531714396639605,increasing,0.007664354389848915,no trend,0.3464800833007833,no trend,0.2525022412100526,no trend,0.7134742870608717,mandal kendal
58,256611,no trend,0.09946289791530827,no trend,0.17779042747076645,no trend,0.4677315941889768,no trend,0.803462574314771,no trend,0.6917296960139452,mandal kendal
59,258121,increasing,5.534066148005223e-06,increasing,0.005559221294190619,no trend,0.08882843092817505,increasing,1.4070681142897001e-05,no trend,0.23372179015067096,mandal kendal
60,258911,no trend,0.3826787296952845,no trend,0.28921748299294503,no trend,0.48726670744870226,no trend,0.30367178216370183,no trend,0.06807788756932753,mandal kendal
61,259411,increasing,5.5986769442739615e-08,increasing,6.592815182671075e-11,increasing,0.0008730585266607527,increasing,5.580043907515986e-05,no trend,0.0723694442401519,mandal kendal
62,259412,no trend,0.37835697883957264,increasing,0.03288105668439978,no trend,,no trend,0.402913963068916,no trend,0.34755803674116903,mandal kendal
63,259413,no trend,0.15036416476644043,increasing,0.006211291282161691,no trend,0.19110072253876398,no trend,0.4642143127710314,no trend,1.0,mandal kendal
64,259511,no trend,0.6350755326575006,no trend,0.3963803336377216,no trend,0.5640417842864383,no trend,0.8857579483326796,no trend,0.7406124925233479,mandal kendal
65,260212,increasing,0.037826606168846366,increasing,0.000372403443763325,no trend,0.1223248960074046,no trend,0.07559197006417961,no trend,0.2618277009271761,mandal kendal
66,260311,no trend,0.11141757704411415,increasing,0.010482931618578384,no trend,0.10015574595296761,no trend,0.14095285633843635,no trend,0.29558591906462306,mandal kendal
67,260312,increasing,0.014205156916392347,increasing,0.008750285099809574,no trend,0.10988378711021607,increasing,0.011128570894227474,no trend,0.7598665588406108,mandal kendal
68,260511,no trend,0.2927595319314893,no trend,0.05458360462128975,no trend,0.48541878472959077,no trend,0.5765436982347047,no trend,0.7668023897805858,mandal kendal
69,260512,no trend,0.6316431014348647,no trend,0.2943596163045119,no trend,0.5425582565448217,no trend,0.8072501679320072,no trend,0.05986994783202215,mandal kendal
70,260711,no trend,0.2583079409650586,increasing,0.020248010195085264,no trend,0.20732588882638647,no trend,0.6664524988595133,no trend,0.3763444934986553,mandal kendal
71,260712,no trend,0.3310376990407713,no trend,0.06451090602357601,no trend,0.44708665810791337,no trend,0.8836174593813684,no trend,0.5110092070684837,mandal kendal
72,260713,increasing,0.024314130080354435,increasing,0.00012107543425510237,no trend,0.18784272750821374,no trend,0.06659379512333596,no trend,0.5143552417823205,mandal kendal
73,260714,no trend,0.5039776578779778,no trend,0.1930488439489264,no trend,0.4736932020709532,no trend,0.8035469773647699,no trend,0.6048386513275239,mandal kendal
74,260911,no trend,0.47886613690750224,no trend,0.1198801776728815,no trend,0.3731953989783756,no trend,0.660549205201673,no trend,0.4550108249342737,mandal kendal
75,261211,increasing,0.000379478369956443,increasing,0.001636367402023442,no trend,0.08154944355330973,increasing,0.001998112283207787,no trend,0.5951631467095724,mandal kendal
76,261611,no trend,0.4163336615910267,no trend,0.2051899566716795,no trend,0.5663224380936667,no trend,0.4804738431944324,no trend,0.9068274467904143,mandal kendal
77,261612,increasing,0.0005281273876469594,increasing,2.7747349418572043e-05,increasing,0.032346043569075,increasing,0.0028563036281143983,no trend,0.10790661662440182,mandal kendal
78,261711,no trend,0.22967423731825298,no trend,0.2323307741145313,no trend,0.5408343671547886,no trend,0.22469808281740722,no trend,0.4802458013965052,mandal kendal
79,261712,no trend,0.8638039221845488,no trend,0.8176440737457729,no trend,0.8922912827568368,no trend,0.660549205201673,no trend,0.6880595735444399,mandal kendal
80,261713,no trend,0.1417692102564545,no trend,0.09830292972081645,no trend,0.40633326099027567,no trend,0.2696996243908756,no trend,0.9404187890747286,mandal kendal
81,262411,increasing,0.025513623610345704,increasing,8.989215483090618e-07,increasing,0.0012042765873079286,increasing,0.01707934280415868,no trend,0.052874680755355286,mandal kendal
82,262413,no trend,0.2134232030747616,increasing,0.006686427217567736,no trend,0.22554460825748013,no trend,0.38811314345623993,no trend,0.8958301016298928,mandal kendal
83,262414,increasing,0.03867952351541626,increasing,4.6613764981273675e-07,increasing,0.018130943260521892,no trend,0.11553680316775572,no trend,0.14323490752466972,mandal kendal
84,262415,increasing,0.0007118440175295504,increasing,0.0,increasing,0.0018556050571469918,increasing,0.0038068739694603337,no trend,0.07627333571288997,mandal kendal
85,262711,increasing,0.006795420982880884,increasing,0.016735344140428765,no trend,0.14763328804826803,increasing,0.043170587070190836,no trend,0.443172174778969,mandal kendal
86,262712,no trend,0.07592671957835972,no trend,0.07717073685718878,no trend,0.2066773391067087,no trend,0.11553680316775572,no trend,0.5197624578824556,mandal kendal
87,262713,increasing,5.208511426602058e-07,increasing,2.220446049250313e-16,increasing,1.3191397065792643e-06,increasing,1.3605020781071175e-06,no trend,0.05206997227535637,mandal kendal
88,262714,increasing,0.009213233371925034,increasing,0.0007266481444938577,increasing,0.042137771933344226,increasing,0.0257842349176598,no trend,0.32027947392177625,mandal kendal
89,263011,no trend,0.12244507190304854,increasing,0.0013695159057371953,no trend,0.11142903404646853,no trend,0.27067900531558475,no trend,0.8409566044912096,mandal kendal
90,263012,increasing,0.029618305261563505,increasing,1.5879936683393936e-05,no trend,0.06116010848215181,no trend,0.12299885210214301,no trend,0.37005299468887065,mandal kendal
91,263013,increasing,0.007975871270170742,increasing,1.558371669485581e-06,no trend,0.05549739621509375,no trend,0.06032777708772863,no trend,0.2511522007370066,mandal kendal
92,263014,no trend,0.07268035394871886,increasing,0.0008583331511893277,no trend,0.13622605339911154,no trend,0.27067900531558475,no trend,0.7925575173737209,mandal kendal
93,263015,no trend,0.11772179178804287,increasing,0.0024072522722535794,no trend,0.10076649775929036,no trend,0.28637234971496284,no trend,0.31077076126355774,mandal kendal
94,263111,increasing,0.0014093402114554454,increasing,1.9367507597678468e-10,increasing,0.002162968976833435,increasing,0.031153294517409114,no trend,0.32718687779030553,mandal kendal
95,263411,no trend,0.05075366202571385,increasing,0.00029880906958323905,no trend,0.08129493916969488,no trend,0.4396838026055716,no trend,0.8321417682696266,mandal kendal
96,263412,no trend,0.08105260938142611,increasing,0.0029854183331228246,no trend,0.12450638545300641,no trend,0.149075712965977,no trend,0.5176341185833455,mandal kendal
97,263511,increasing,0.003538656475819524,increasing,2.318572001058783e-10,increasing,0.009154359198948692,increasing,0.031153294517409114,no trend,0.47995159031658474,mandal kendal
98,263611,no trend,0.20383922113299047,no trend,0.050027746224806435,no trend,0.40498423941753314,no trend,1.0,no trend,0.3957522466577532,mandal kendal
99,263612,no trend,0.18263454232998688,increasing,0.03125041484782476,no trend,0.3438625213208817,no trend,0.15705233970792043,no trend,0.8891762653209234,mandal kendal
100,263613,no trend,0.33815383942317867,no trend,0.1328555801052529,no trend,0.4805767144992643,no trend,0.4155576833430663,no trend,0.786208796852361,mandal kendal
101,263621,increasing,1.1676952768047144e-05,increasing,2.6645352591003757e-15,increasing,0.010140616925419232,increasing,8.432744132980119e-06,no trend,0.07819772028453498,mandal kendal
102,263711,no trend,0.6505302985137835,no trend,0.39949782040661264,no trend,0.6334149032496996,no trend,0.3055070868612537,no trend,0.0603519151295997,mandal kendal
103,263721,no trend,0.09412535533646693,increasing,0.0012232811749941508,no trend,0.10921743228820269,no trend,0.598329387581245,no trend,0.41684505104893343,mandal kendal
104,264311,no trend,0.27453598621584985,increasing,0.037278029694061354,no trend,0.18703149502082872,no trend,0.6773916019262776,no trend,0.6129342346261364,mandal kendal
105,264711,no trend,0.07592671957835972,increasing,6.489207315496515e-05,increasing,0.01861946866691322,no trend,0.33475579362247077,no trend,0.2888443663464848,mandal kendal
106,265411,no trend,0.15061722384050524,increasing,0.021011364702690605,no trend,0.3576846245481198,no trend,0.4367377719340795,no trend,0.640428787412791,mandal kendal
107,265511,increasing,6.751381231850928e-08,increasing,0.0,increasing,1.0558220964185239e-12,increasing,8.460708333934974e-07,increasing,0.018892103673231686,mandal kendal
108,268611,increasing,1.2784006417243532e-05,increasing,5.551115123125783e-15,increasing,0.00029805319944342656,increasing,0.00012767892942178172,no trend,0.21048974456292724,mandal kendal
109,268811,increasing,0.00016802259347392656,increasing,4.218847493575595e-15,no trend,,increasing,0.001722252195727192,no trend,0.1111909344267743,mandal kendal
110,268812,increasing,0.0018105538561850043,increasing,1.821875983409882e-12,increasing,0.0014124238746602291,increasing,0.009621800209515419,no trend,0.1124105846553638,mandal kendal
111,269511,no trend,0.6106742762236621,no trend,0.35782836921845784,no trend,0.6546294803367347,no trend,0.31455143469278957,no trend,0.6630219917171716,mandal kendal
112,270211,increasing,0.004907323412774556,increasing,3.140757868558275e-05,increasing,0.028675335310750727,increasing,0.024392393116316802,no trend,0.48352205986804897,mandal kendal
113,270212,no trend,0.10088702226164559,increasing,0.0007091191764234672,no trend,0.18428177002517065,no trend,0.26174124619035677,no trend,0.8799425783311146,mandal kendal
114,270311,increasing,0.025995237550681338,increasing,5.657082678389713e-05,no trend,0.09895661656863597,no trend,0.3628568055587378,no trend,0.503001432513255,mandal kendal
115,270521,increasing,0.028181166109025435,increasing,0.00014924193815968323,no trend,0.10371832289698735,increasing,0.03588879230160957,no trend,0.30464192203660967,mandal kendal
116,270711,increasing,0.007040166683723648,increasing,8.428380641634092e-06,increasing,0.010392727390472922,no trend,0.05655951262037706,no trend,0.9022798658220472,mandal kendal
117,270712,increasing,0.0018349197112579319,increasing,1.5467772238597632e-06,no trend,0.0593200985719089,increasing,0.012670084952703942,no trend,0.40124662279565415,mandal kendal
118,270811,increasing,0.04000446168183425,increasing,7.24369295386218e-05,increasing,0.012467994491277334,no trend,0.1376416672528351,no trend,0.19582147392261473,mandal kendal
119,271111,increasing,0.021760310909447966,increasing,4.070482425611033e-05,no trend,0.14419259705313103,no trend,0.42276258167679703,no trend,0.7563436275230673,mandal kendal
120,271112,no trend,0.20368926941369492,increasing,0.007784357409071463,increasing,0.026115374866192198,no trend,0.5258621886847661,no trend,0.9305531295545526,mandal kendal
121,271211,increasing,0.01818199625907968,increasing,1.8922416765265737e-05,no trend,0.10573903682172325,increasing,0.03588879230160957,no trend,0.3508159294062425,mandal kendal
122,276811,increasing,0.002189132228993085,increasing,6.549737485705975e-08,increasing,0.0021036520943471526,increasing,0.0495830104714623,no trend,0.5574801348628697,mandal kendal
123,276812,increasing,0.0006226055064857405,increasing,5.012956272310021e-09,increasing,0.00897102424926155,increasing,0.029036233088925334,no trend,0.10346029660496336,mandal kendal
124,276911,no trend,0.1850592992245046,increasing,0.03426625037646591,no trend,0.5295676585762543,no trend,0.2478344103368899,no trend,1.0,mandal kendal
125,277111,increasing,0.0296669386686923,increasing,6.411818908036437e-06,no trend,,no trend,0.16487894112774248,no trend,0.4301277905301437,mandal kendal
126,277211,no trend,0.9445989408361049,no trend,0.9073323083952645,no trend,0.8980158161799847,no trend,0.439742458185312,no trend,0.2791312612492123,mandal kendal
127,277311,no trend,0.18285895593404033,increasing,0.0046432938028107,no trend,0.32405238307013473,no trend,0.12299885210214301,no trend,0.4626116731990253,mandal kendal
128,277411,no trend,0.2602924646011209,no trend,0.05759193537766549,no trend,0.37113393285432394,no trend,0.12299885210214301,no trend,0.5088828153535194,mandal kendal
129,284311,no trend,0.2970408844277741,increasing,0.04032893062246501,no trend,0.15100092820170286,no trend,0.11491974683155326,no trend,0.9325665043372124,mandal kendal
130,291111,no trend,0.6604062641485995,no trend,0.42811652098900543,no trend,0.7591378250119858,no trend,0.7703347136423386,no trend,0.7208711220501738,mandal kendal
131,291411,increasing,0.002001097936666474,increasing,7.638334409421077e-12,increasing,8.348877145181177e-14,increasing,0.0324089550205473,no trend,0.13512995427235852,mandal kendal
132,291412,no trend,0.8836235041954956,no trend,0.7852181030898009,no trend,0.9150299647735005,no trend,0.7223115533021331,no trend,0.8496639597191467,mandal kendal
133,291413,increasing,0.0027510759076363467,increasing,1.0532245542371754e-07,increasing,0.014466773336051508,increasing,0.01894179937911411,no trend,0.24658627760236684,mandal kendal
134,291414,no trend,0.3852167436542171,no trend,0.09743612711275262,no trend,0.5158060394602106,no trend,0.4880740931652481,no trend,0.43205838114189277,mandal kendal
135,292021,increasing,2.8117262185212155e-07,increasing,1.199040866595169e-14,increasing,0.0001427854329678624,increasing,0.00012604645012070925,no trend,0.3486349441904686,mandal kendal
136,305511,increasing,0.010393636535116269,increasing,0.004147170452253546,no trend,0.08984195091030367,increasing,0.03252418126532741,no trend,0.22701614597813413,mandal kendal
137,305512,increasing,0.0026008990091608286,increasing,0.0008008906676939542,increasing,0.03730155771032462,increasing,0.008113117265565739,no trend,0.2554198977644213,mandal kendal
138,305513,no trend,0.9561203627336929,no trend,0.9583117711925238,no trend,0.9743931959436405,no trend,0.8406926603054861,no trend,0.16151331846754213,mandal kendal
139,305921,increasing,0.026311665180940524,no trend,0.060986274979241806,no trend,0.2665484571779826,increasing,0.027842469454623542,no trend,0.40441492451875893,mandal kendal
140,306611,decreasing,0.0007990719827901671,decreasing,2.4965229883378015e-10,decreasing,0.019253772732546137,decreasing,0.01816301834787648,no trend,0.09269580255781262,mandal kendal
141,307121,no trend,0.0524449852283031,decreasing,0.00138675630863494,no trend,0.1268742159323828,no trend,0.5083315735521454,no trend,0.28377195719583126,mandal kendal
142,307911,increasing,2.76061054349519e-05,increasing,3.8481366027021124e-07,increasing,0.0056081135500340995,increasing,2.6706483675642545e-05,no trend,0.13224547547549603,mandal kendal
143,308811,no trend,0.8275833743533543,no trend,0.8457337046063063,no trend,0.9057201554070775,no trend,0.21600611845484874,no trend,0.5442162198317151,mandal kendal
144,309011,no trend,0.7150999139725291,no trend,0.6596743699242984,no trend,0.7919353350577072,no trend,0.4650620460256336,no trend,0.14245669739409883,mandal kendal
145,309111,decreasing,0.016028410144049543,decreasing,0.011841189593943868,no trend,0.22615864021865972,no trend,0.07392248595953888,no trend,0.42218731419367383,mandal kendal
146,310111,no trend,0.3106381631673587,no trend,0.20336450484372914,no trend,0.5553943532080261,no trend,0.2790682913279303,no trend,0.9202116773235596,mandal kendal
147,310211,no trend,0.08032959298768194,no trend,0.06238719545282789,no trend,0.32874170263467417,no trend,0.10034824646229068,no trend,0.9391619069311219,mandal kendal
148,310311,increasing,0.0008956247828433295,increasing,0.0008138479896082629,no trend,0.06197719645736166,no trend,0.05528029258602074,no trend,0.7039600402810602,mandal kendal
149,310421,increasing,0.016028410144049543,increasing,0.020420230537989914,no trend,0.1752883455107761,increasing,0.027842469454623542,no trend,0.4385780260809997,mandal kendal
150,310511,no trend,0.596066781873303,no trend,0.3985731073190091,no trend,0.6588539022728281,no trend,0.8169613217153913,no trend,0.3457785861511602,mandal kendal
151,310611,no trend,0.34635334432226794,no trend,0.19151017658223202,no trend,0.5684251660358939,no trend,0.8285930752186466,no trend,0.6630219917171716,mandal kendal
152,311511,no trend,0.15531452739028961,no trend,0.05729279786952235,no trend,0.35245826604053176,no trend,0.10573920209087939,no trend,0.49953364825725144,mandal kendal
153,311521,increasing,0.017151533080653092,increasing,0.00530539934890939,no trend,0.23065969185899027,no trend,0.17106923105635197,no trend,0.6860465054289349,mandal kendal
154,311522,no trend,0.0745315710546195,increasing,0.015227007295968598,no trend,0.2403355259462665,no trend,0.13538211004560674,no trend,0.3437645971341301,mandal kendal
155,312121,increasing,0.00018526952222486237,increasing,0.0007432520464387693,no trend,0.055709569235768974,increasing,0.00018252489783732173,no trend,0.21849702743547228,mandal kendal
156,312211,increasing,7.712644096491417e-06,increasing,2.3225865675158275e-12,increasing,0.0009269068504533795,increasing,0.0019140289654979714,no trend,0.10452965916626233,mandal kendal
157,312511,no trend,0.07109057159497256,decreasing,0.04499181955097731,no trend,0.20767774752755908,no trend,0.3481446249530622,no trend,0.5370939784426416,mandal kendal
158,312611,no trend,0.1729397747470096,no trend,0.2715456989561469,no trend,0.5462436302327707,no trend,0.6800418382994948,no trend,0.9527650219907529,mandal kendal
159,312612,decreasing,0.011224888627705765,decreasing,0.0006936017349983281,decreasing,0.04133068754561631,decreasing,0.04653958084700571,no trend,0.10686371499337954,mandal kendal
160,312711,no trend,0.1347930604562262,no trend,0.12423034366108521,no trend,0.4360130508406166,increasing,0.0481068278885195,no trend,0.7340951823194757,mandal kendal
161,312811,increasing,1.0957590274474072e-05,increasing,6.173794808717048e-11,increasing,2.099457256932169e-07,increasing,6.038490980131428e-05,no trend,0.12175208527033998,mandal kendal
162,313011,no trend,0.5474185755016796,no trend,0.412032371566067,no trend,0.578958189911436,no trend,0.6134313729551664,no trend,0.17090352023079758,mandal kendal
163,313511,no trend,0.24975290989482435,no trend,0.24595386455088697,no trend,0.5688354736060592,no trend,0.2790163132113639,no trend,0.12120641368192486,mandal kendal
164,313911,no trend,0.0967074720040273,decreasing,0.0032222536410106972,no trend,0.2414640526660614,no trend,0.0711968892752517,no trend,0.3701148999172461,mandal kendal
165,313912,no trend,0.6101867298697021,no trend,0.5926404943621324,no trend,0.7314538120869685,no trend,0.21011232752996656,no trend,0.3730775013741221,mandal kendal
166,313921,no trend,0.4253110755393563,no trend,0.0628675095444804,no trend,0.40129377908492936,no trend,0.7236736098317631,no trend,0.5859565771946524,mandal kendal
167,314011,no trend,0.80803385021833,no trend,0.7580911840778146,no trend,0.8256109169563233,no trend,0.1237935324582351,no trend,0.33741054681390215,mandal kendal
168,314013,increasing,0.04346780524750038,increasing,0.010509303813129423,no trend,0.0910206541771843,increasing,0.01894179937911411,no trend,0.20373653988950702,mandal kendal
169,314111,no trend,0.32244622951365476,no trend,0.10796319033245583,no trend,0.19361610683623276,no trend,0.21600611845484874,no trend,0.5025528715982597,mandal kendal
170,314112,decreasing,0.0006555965520731455,decreasing,5.218735399381558e-08,decreasing,0.0010429258708659628,decreasing,0.001998256708301893,no trend,0.09011373780969478,mandal kendal
171,315521,no trend,0.1844982347851596,decreasing,0.035266345871092675,no trend,0.24207398382167944,no trend,0.27866049489924416,no trend,0.23476366282766925,mandal kendal
172,315721,increasing,0.002906157874730031,increasing,6.481870100660814e-07,increasing,5.745341323204478e-05,no trend,0.06244773632934253,no trend,0.39802471950693796,mandal kendal
173,315911,no trend,0.059905461184002196,increasing,0.0024765857563229243,no trend,0.11038949789093055,no trend,0.22933194239164756,no trend,0.40132660683526833,mandal kendal
174,316121,no trend,0.058192546936515654,increasing,0.047358250457866236,no trend,0.33466512497654444,no trend,0.5245182802130763,no trend,0.76918469797937,mandal kendal
175,316311,no trend,0.10792351736322492,increasing,0.03417017280950585,no trend,0.39035930710011657,no trend,0.12608612422976528,no trend,0.5779539116983823,mandal kendal
176,316312,increasing,0.03837863703481381,increasing,0.0035702487837341312,no trend,0.1691819378275805,no trend,0.189662399764146,no trend,0.08326451666355039,mandal kendal
177,316811,increasing,1.4031416295079424e-05,increasing,1.3055500680536625e-08,increasing,0.0001709143168431293,increasing,8.398211315263637e-06,no trend,0.10187399414371923,mandal kendal
178,316812,increasing,0.006341020114409179,increasing,0.007556426570570096,no trend,0.13829263898000344,increasing,0.001987920844036317,no trend,0.17971249487899987,mandal kendal
179,317311,no trend,0.6165763246166498,no trend,0.3575694877690634,no trend,0.4687475638382921,no trend,1.0,no trend,1.0,mandal kendal
180,317911,no trend,0.08841314583767135,no trend,0.15587876305263904,no trend,0.35130577960256915,no trend,0.16130422648351028,no trend,0.1253156818083172,mandal kendal
181,317921,increasing,0.0030275202650755784,increasing,0.003323461442464204,increasing,0.0023833128328467623,increasing,0.014982893690077992,no trend,0.06807788756932753,mandal kendal
182,318011,decreasing,0.0009942374433458134,decreasing,0.002260220247317646,decreasing,0.017751592939011296,decreasing,0.0016608504504356247,no trend,0.07154976041591743,mandal kendal
183,318211,no trend,0.8138815698699038,no trend,0.7922402803487272,no trend,0.8625374571082793,no trend,0.9424675874144188,no trend,0.30701389803382506,mandal kendal
184,318311,no trend,0.5045478651788504,no trend,0.4630693177540719,no trend,0.7292530802046788,no trend,1.0,no trend,0.8705675391295156,mandal kendal
185,318314,increasing,0.01669065069850917,increasing,0.001783087962935248,no trend,0.1318773181860604,no trend,0.09693818842839907,no trend,0.41097525526904155,mandal kendal
186,318331,increasing,2.240709815337638e-05,increasing,9.860507043746303e-05,increasing,0.021812360585858004,increasing,0.0015243785828964462,no trend,0.48959933822108437,mandal kendal
187,318611,no trend,0.19090809777270845,no trend,0.2431474010983541,no trend,0.5198787168920798,no trend,0.5160029354435864,no trend,0.13559300126630225,mandal kendal
188,318711,increasing,7.897666964851169e-10,increasing,1.5543122344752192e-15,increasing,0.0005668786415844451,increasing,2.7929863088971274e-08,no trend,0.051145978727568764,mandal kendal
189,318811,no trend,0.16146666487984973,no trend,0.08138532278673272,no trend,0.46637610179345623,no trend,0.271441309374989,no trend,0.384088249473852,mandal kendal
190,318812,no trend,0.9396400037324033,no trend,0.9222509732020505,no trend,0.9618055037065729,no trend,0.8210975835519594,no trend,0.47719661998877005,mandal kendal
191,318813,no trend,0.1587798884520515,no trend,0.26864420745212225,no trend,0.4925381681740788,no trend,0.20359198308961135,no trend,0.7184500089813044,mandal kendal
192,321321,increasing,0.008263961885763838,increasing,0.0004426527669507685,no trend,0.1313235553879033,no trend,0.10782192815996816,no trend,0.08326451666355039,mandal kendal
193,321412,no trend,0.6121787962230716,no trend,0.5615727784000257,no trend,0.7274795928101845,no trend,0.6940491476712278,no trend,0.29072107953069626,mandal kendal
194,321413,increasing,5.960248015135505e-07,increasing,1.315059172668498e-11,increasing,4.210770643497952e-06,increasing,2.378967222771422e-06,increasing,0.04240040348631213,mandal kendal
195,321611,no trend,0.22309796091270262,decreasing,0.027351579493518408,no trend,0.3455216884102654,no trend,0.33091533711391863,no trend,0.41730416562740436,mandal kendal
196,322211,no trend,0.09773681743432783,no trend,0.13234826959606605,no trend,0.3770366253334352,no trend,0.12133525035848214,no trend,0.12351309163882251,mandal kendal
197,322821,no trend,0.36990116928684125,no trend,0.2767897347274002,no trend,0.5482941219353328,no trend,0.69195534632126,no trend,0.2982953237966308,mandal kendal
198,324521,no trend,0.18637086531725222,no trend,0.27690243810427484,no trend,0.5292538406960192,no trend,0.5671234308971378,no trend,0.1279827094577568,mandal kendal
199,325811,no trend,0.11082003532866036,decreasing,0.005799945440802423,no trend,0.13096136903791478,no trend,0.524777251099604,no trend,0.8083651559145102,mandal kendal
200,325812,increasing,0.032370746535995254,increasing,0.00011515567815467698,increasing,0.043098595755908686,increasing,0.030312362447326935,no trend,0.39926914317106554,mandal kendal
201,326611,no trend,0.6947854162744742,no trend,0.7428331498037863,no trend,0.839132000620092,no trend,0.42727890617197617,no trend,0.25399326674978395,mandal kendal
202,326711,increasing,0.02809567937674573,increasing,0.0014451919829696624,increasing,0.04318914612523472,increasing,0.019454116265237964,no trend,0.1362636670401629,mandal kendal
203,326721,increasing,0.0031335980931797014,increasing,2.65913158159492e-08,increasing,0.00031322135970679454,increasing,0.0015598200168920329,no trend,0.21602058095545873,mandal kendal
204,326821,no trend,0.49507093644058453,no trend,0.3990899605771052,no trend,0.6469694548592737,no trend,0.536101864250067,no trend,0.5609696174025949,mandal kendal
205,329511,no trend,0.15494557649302654,no trend,0.2340250510179389,no trend,0.39098617786528056,no trend,0.22933194239164756,no trend,0.50034451508018,mandal kendal
206,329611,no trend,0.0583500963687289,decreasing,0.03338606286747137,no trend,0.2573448996161627,no trend,0.4070160272713741,no trend,0.32229959587191925,mandal kendal
207,330711,no trend,0.33070307395177645,no trend,0.09755100547679074,no trend,0.3168134000062186,no trend,0.11744524743203066,no trend,0.20553686691772244,mandal kendal
208,331211,no trend,0.45305023879774886,no trend,0.30348795423980746,no trend,0.6992466483412438,no trend,0.4070160272713741,no trend,0.6357835901066224,mandal kendal
209,331311,no trend,0.9322318602261959,no trend,0.9378756822052097,no trend,0.957620701999361,no trend,0.9466494029669688,no trend,0.8871628403403917,mandal kendal
210,331411,increasing,0.019247647345924213,increasing,0.007736346680606188,no trend,0.14353784475278708,no trend,0.10387615706308506,no trend,0.3526217356571584,mandal kendal
211,332411,increasing,0.002773726647671948,increasing,0.0021736603137769706,no trend,0.12353773814771518,increasing,0.009873332091192788,no trend,0.7696979437812899,mandal kendal
212,332612,no trend,0.23553625078946894,no trend,0.34119697944827765,no trend,0.5437905409308117,no trend,0.7941455414056644,no trend,0.770096544207644,mandal kendal
213,332711,increasing,3.790748086163198e-05,increasing,1.325504534355204e-06,increasing,0.013341651484381156,increasing,0.00040581908832026947,no trend,0.4593634442814687,mandal kendal
214,333211,no trend,0.10975638411654098,no trend,0.13617096519100857,no trend,0.3762723238827288,no trend,0.33590859334904666,no trend,0.3831522717316802,mandal kendal
215,333212,no trend,0.37591174219099743,no trend,0.3256403102554921,no trend,0.6283603261886717,no trend,0.2688067435476653,no trend,0.11608313373865498,mandal kendal
216,333213,no trend,0.9527044826034501,no trend,0.9607031750245794,no trend,0.9759953452061654,no trend,0.6955039248895196,no trend,0.9403077338310912,mandal kendal
217,333214,no trend,0.22305633405842906,no trend,0.278879500961033,no trend,0.5133874545167756,decreasing,0.012865581294556172,no trend,0.23390208260166734,mandal kendal
218,334511,increasing,0.003149988949959104,increasing,0.011293484219313532,no trend,0.10152227016769388,increasing,0.03639061007208655,no trend,0.5710252671563198,mandal kendal
219,334911,no trend,0.3386812907426262,no trend,0.42065487776929444,no trend,0.633494220621734,no trend,0.38373262766250305,no trend,0.3070606297728238,mandal kendal
220,335012,no trend,0.12427863279207729,no trend,0.07013021690874566,no trend,0.30547856704566567,no trend,0.21600611845484874,no trend,0.6048386513275239,mandal kendal
221,335013,no trend,0.16635527488565183,no trend,0.22968105679109607,no trend,0.4824990461023537,no trend,0.1375638939099033,no trend,0.5081489401679538,mandal kendal
222,335611,no trend,0.18399183210875814,no trend,0.07744373583882935,no trend,0.3680284584606546,no trend,1.0,no trend,0.9217611027538615,mandal kendal
223,336511,no trend,0.08651433149238019,no trend,0.10080431608967055,no trend,0.3902945310833603,increasing,0.019454116265237964,no trend,0.5290445565124222,mandal kendal
224,337412,increasing,9.543293061575753e-06,increasing,1.0469603517471171e-07,increasing,0.002366981276144653,increasing,0.0003034604723519685,no trend,0.1414821214827935,mandal kendal
225,337521,increasing,4.753153426406698e-11,increasing,0.0,increasing,3.271978530117181e-06,increasing,7.79986342180905e-09,no trend,0.0609603693053391,mandal kendal
226,338411,increasing,0.002295992568739802,increasing,3.48259698534914e-05,increasing,0.02497686231884,increasing,0.021868088190130752,no trend,0.30701389803382506,mandal kendal
227,338611,no trend,0.10086247863186881,increasing,0.04713278384602182,no trend,0.37009817104938714,no trend,0.13294173056504732,no trend,0.7062891119569397,mandal kendal
228,341511,no trend,0.06144309389967173,no trend,0.09566028334183896,no trend,0.3630634534275099,no trend,0.21987171062870314,no trend,0.1290980005078195,mandal kendal
229,342411,no trend,0.13225305304871737,no trend,0.12178584567491235,no trend,0.38403541479145553,no trend,0.951472249222705,no trend,0.4987350353661215,mandal kendal
230,343112,increasing,0.009792804740982541,increasing,0.0019464362913466093,no trend,0.15730548453225413,increasing,0.04030497436254077,no trend,0.24385855229211661,mandal kendal
231,344311,increasing,0.007532162576987966,increasing,0.0015138556216269805,increasing,0.02689967602215626,no trend,0.05623780387727595,no trend,0.17253716939728259,mandal kendal
232,344312,no trend,0.9454257795616001,no trend,0.9195567524843538,no trend,0.9456562547619001,no trend,0.4918663579093068,no trend,0.37011489991724633,mandal kendal
233,344512,no trend,0.31666502105260097,no trend,0.2520412969260195,no trend,0.5247484780098957,no trend,0.5245182802130763,no trend,0.5933317505728439,mandal kendal
234,344513,decreasing,0.024359670026619318,decreasing,0.004852319510516789,no trend,0.2262526950177146,no trend,0.05623780387727595,no trend,0.2903774048413865,mandal kendal
235,344811,no trend,0.48400938519028536,no trend,0.542019958874546,no trend,0.728769854946822,no trend,0.7941455414056644,no trend,0.5610036731964536,mandal kendal
236,344812,no trend,0.8096057179251792,no trend,0.7916202673165962,no trend,0.895252915141667,no trend,0.8210975835519594,no trend,0.30701389803382506,mandal kendal
237,344911,no trend,0.15494557649302654,no trend,0.31594444722294,no trend,0.5110180779025695,no trend,0.35797067264432814,no trend,0.7018443536540859,mandal kendal
238,344912,no trend,0.6645190292565912,no trend,0.6463587716280823,no trend,0.8164164534922249,no trend,0.5977458557030397,no trend,0.249817441835948,mandal kendal
239,344913,no trend,0.5131448437663231,no trend,0.32048735848124155,no trend,0.37353122100334657,no trend,0.9424675874144188,no trend,0.7477301646241346,mandal kendal
240,345811,increasing,0.00042521135633388774,increasing,0.0005938685408444222,increasing,0.006981178801169774,increasing,0.006371904155454411,no trend,0.3189712540958973,mandal kendal
241,351421,increasing,0.004202304977860782,increasing,0.0008106735511594909,no trend,0.09370581971140313,increasing,0.00265907540813326,no trend,0.20148479698412425,mandal kendal
242,354011,decreasing,0.014736658135784175,decreasing,0.01909743544950926,no trend,0.20271018505093719,decreasing,0.029812261281268793,no trend,0.2194915577019878,mandal kendal
243,354211,decreasing,9.512390874988341e-13,decreasing,1.454329989769576e-10,decreasing,0.0003152085593962628,decreasing,9.089617947211082e-12,no trend,0.06149675082912287,mandal kendal
244,355411,decreasing,0.0011432377461462195,decreasing,0.0012802213641145421,no trend,0.07803710427378796,decreasing,0.0008408258562149218,no trend,0.12965013071912912,mandal kendal
245,355711,decreasing,0.0008165833911972786,decreasing,0.00024960937161155883,no trend,0.056983833107971726,decreasing,0.005413914287949462,no trend,0.1955616583996036,mandal kendal
246,355811,decreasing,4.660170027648292e-10,decreasing,7.26158426722634e-08,decreasing,1.6682168979320622e-05,decreasing,2.1451755927159866e-09,no trend,0.06566554386408052,mandal kendal
247,356011,decreasing,0.00026615055211420824,decreasing,0.001416095065094547,no trend,0.10085683612089968,decreasing,0.002915636250090392,no trend,0.13037595727189477,mandal kendal
248,356611,decreasing,0.0023187833978419725,decreasing,0.0030567810219517266,no trend,0.09298048848516216,decreasing,0.011141166165869798,no trend,0.1749718917101979,mandal kendal
249,362511,decreasing,3.217914834596769e-07,decreasing,1.98552285723963e-12,decreasing,0.00023202437358471606,decreasing,1.0136085411005524e-06,decreasing,0.04662404756247862,mandal kendal
250,362711,no trend,0.12128633334719519,increasing,0.04037834762117698,no trend,0.26134625554399715,no trend,0.42393520490839,no trend,0.6701912663644554,mandal kendal
251,363121,decreasing,0.00018409436288746583,decreasing,6.647083056421366e-06,decreasing,0.024193059421831364,decreasing,7.668029329610526e-05,no trend,0.1316680160228143,mandal kendal
252,363211,no trend,0.13531714396639605,decreasing,0.016815434066271395,no trend,0.3069274856878277,no trend,0.12299885210214301,no trend,0.17466289567801851,mandal kendal
253,369211,no trend,0.5542732417096121,no trend,0.42045041886836954,no trend,0.5843707866460575,no trend,0.11163003635549007,no trend,0.2041992897160403,mandal kendal
254,369221,no trend,0.15773475917432922,no trend,0.12163842200784236,no trend,0.46216431950332426,no trend,0.17917478518309293,no trend,0.8733748647422686,mandal kendal
255,369411,no trend,0.5961979541459173,no trend,0.4046885185008162,no trend,0.5743953591129951,no trend,0.6254835936164522,no trend,0.573745467795866,mandal kendal
256,370511,decreasing,2.3851959740639472e-08,decreasing,1.3002077858814687e-08,decreasing,0.004373896780980768,decreasing,3.510969559528121e-08,decreasing,0.04851973828025069,mandal kendal
257,370911,decreasing,0.0482863300771168,decreasing,0.019249890212303056,no trend,0.20077253338300105,no trend,0.26174124619035677,no trend,0.28473063350230987,mandal kendal
258,371211,no trend,0.31428178970687237,no trend,0.12471142384542588,no trend,0.39511289502117064,decreasing,0.044791553644129456,no trend,0.1901670061871874,mandal kendal
259,371311,decreasing,1.21717460110915e-06,decreasing,3.855275876318842e-09,decreasing,0.0023064707739994805,decreasing,0.0002551916591260195,no trend,0.11706982828201351,mandal kendal
260,371411,no trend,0.10687226680121764,decreasing,0.014336382228571809,no trend,0.14544877717679117,decreasing,0.030997505896976696,no trend,0.20041546169285485,mandal kendal
261,371511,no trend,0.2035352167822322,no trend,0.06004995670067048,no trend,0.2736659915504447,no trend,0.10038361313658051,no trend,0.3063118603884618,mandal kendal
262,371811,no trend,0.3488411884778402,no trend,0.49721895108624103,no trend,0.6575577194607296,no trend,0.1876827725333965,no trend,0.9612208051396489,mandal kendal
263,371911,no trend,0.6984241148340729,no trend,0.5760880740129108,no trend,0.8181167400392195,no trend,0.8915338190831545,no trend,0.24716795085679877,mandal kendal
264,372011,no trend,0.19467131767226298,decreasing,0.029266264612621162,no trend,0.24022798347140206,no trend,0.07029422941876673,no trend,0.1617778387276383,mandal kendal
265,372111,decreasing,0.007547462661803062,decreasing,0.02302640172170345,no trend,0.20353832636787295,decreasing,0.004969651380556828,no trend,0.12742645344664894,mandal kendal
266,372211,no trend,0.516392504975834,no trend,0.41168972101982293,no trend,0.6106761572448434,no trend,0.19618805363694336,no trend,0.41271025884706614,mandal kendal
267,372311,no trend,0.5639524482856604,no trend,0.3996439748209908,no trend,0.5804118651073125,no trend,0.3209116751597887,no trend,0.4297952723395557,mandal kendal
268,372312,no trend,0.8472354224129335,no trend,0.8052891029843472,no trend,0.8902043809688769,no trend,0.9551863458384349,no trend,0.6523041372117628,mandal kendal
269,372611,no trend,0.5467960817552213,no trend,0.39481227423005794,no trend,0.4904185793095375,no trend,0.4068130174209732,no trend,0.8703145058871626,mandal kendal
270,372711,no trend,0.0923505964867175,increasing,0.02251052338245385,no trend,0.12950308903452257,no trend,0.23796119123985227,no trend,0.15729920705028522,mandal kendal
271,372712,increasing,0.027890894116568976,increasing,0.0010249708240921418,no trend,0.14024927377298435,no trend,0.5470179575707133,no trend,0.884836122122616,mandal kendal
272,372713,increasing,0.0011863632330817442,increasing,1.6623591392317394e-11,increasing,0.0,increasing,0.027842469454623542,no trend,0.15017990865765962,mandal kendal
273,372714,increasing,0.0010072953071236235,increasing,2.5857974650378424e-08,increasing,0.0017050782994312286,increasing,0.002202219942497141,no trend,0.15225086412296762,mandal kendal
274,372811,no trend,0.8119871992446892,no trend,0.6823577030459815,no trend,0.8081551047276487,no trend,0.9595109415023166,no trend,0.7622467790616101,mandal kendal
275,375511,increasing,0.0214364022801683,increasing,8.525443160145585e-05,increasing,0.0075345564873186,no trend,0.1524310353789713,no trend,0.240062291152626,mandal kendal
276,376711,no trend,0.16579576795389372,decreasing,0.028210356408103987,no trend,0.0815058692715036,no trend,0.4266144270492398,no trend,0.36503027183830383,mandal kendal
277,376811,no trend,0.9894722819374155,no trend,0.982788579736104,no trend,0.9930888084071112,no trend,0.5258621886847661,no trend,0.14697790206571248,mandal kendal
278,377611,no trend,0.644899095496736,no trend,0.5664487818261852,no trend,0.6859850228845199,no trend,0.6170750774519738,no trend,0.46767140390417383,mandal kendal
279,378111,no trend,0.9170774196743372,no trend,0.8589664104738057,no trend,0.9012229734724659,no trend,0.502334954360502,no trend,0.8041353164632719,mandal kendal
280,378211,no trend,0.8638039221845488,no trend,0.8268408926498303,no trend,0.8848110983111361,no trend,0.8072501679320072,no trend,0.8071250755827695,mandal kendal
281,378212,no trend,0.4809126483751318,no trend,0.45460510151870226,no trend,0.6202395320434102,no trend,0.7405490370186589,no trend,0.5279301962697656,mandal kendal
282,378311,increasing,0.00027287055993419074,increasing,2.9537974288729174e-09,increasing,1.9968471320908066e-10,no trend,0.05375670497585916,no trend,0.5939546753269145,mandal kendal
283,378312,increasing,0.004522732528645879,increasing,3.147072380471627e-09,increasing,1.2719353548185097e-07,increasing,0.046949199467777536,no trend,0.6203264456950606,mandal kendal
284,378711,increasing,0.008965359534729211,increasing,0.0029285394207956283,no trend,0.08590466255309392,increasing,0.0257842349176598,no trend,0.23255298220643472,mandal kendal
285,378911,no trend,0.23850033694372996,no trend,0.1147899037372282,no trend,0.4162855736230546,no trend,0.2237333533496133,no trend,0.7263934038022963,mandal kendal
286,379011,no trend,0.9256376475102652,no trend,0.9290318948585645,no trend,0.9617227029717408,no trend,0.8763934510755826,no trend,0.7837514153274561,mandal kendal
287,379211,increasing,1.7263266594014226e-07,increasing,2.220446049250313e-16,increasing,1.259521731356017e-08,increasing,2.121776136343456e-06,no trend,0.051287133590280476,mandal kendal
288,380711,no trend,0.060453295771270454,no trend,0.09817194372712046,no trend,0.2989488953015471,no trend,0.21908572535717452,no trend,0.5244975443975388,mandal kendal
289,383211,no trend,0.5813415125771679,no trend,0.49280145997477076,no trend,0.7503791742770716,no trend,0.7168885185482541,no trend,1.0,mandal kendal
290,383711,no trend,0.06457840805357984,increasing,0.007030630923547498,increasing,0.039679476213349885,no trend,0.1811898229356519,no trend,0.8688301969253138,mandal kendal
291,384611,no trend,0.2797959961880405,decreasing,0.03367832279590277,no trend,0.06939024984937125,no trend,0.6170750774519738,no trend,0.49896229860376096,mandal kendal
292,385011,no trend,0.7411371261071857,no trend,0.6213038335770631,no trend,0.8091232501046306,no trend,0.402913963068916,no trend,0.4033636366998459,mandal kendal
293,386111,no trend,0.0913787714901475,increasing,0.002237478088322531,no trend,0.25356351440817004,no trend,0.15250719612077468,no trend,0.43048842826195166,mandal kendal
294,386311,no trend,0.11343824511938383,increasing,0.004416906674890919,no trend,0.26657661323048254,increasing,0.03751400161553997,no trend,0.23199772362873405,mandal kendal
295,386511,no trend,0.40745287340016345,no trend,0.22247685045520083,no trend,0.6009640461748877,no trend,1.0,no trend,0.6959215725609273,mandal kendal
296,386512,no trend,0.8161736281777576,no trend,0.652943611739478,no trend,0.6475142758595216,no trend,0.9637450048956271,no trend,0.8526836843346426,mandal kendal
297,386711,no trend,0.9524124602197679,no trend,0.9090836483692124,no trend,0.9510791991665515,no trend,0.6461400037159757,no trend,1.0,mandal kendal
298,386811,no trend,0.7642962300035026,no trend,0.5764425829541138,no trend,0.7460872085984609,no trend,0.9322227127961273,no trend,0.8656314612104117,mandal kendal
299,387011,no trend,0.5717144383156003,no trend,0.30661044896317335,no trend,0.31698520074857717,no trend,0.7337099811624896,no trend,0.7135684431996241,mandal kendal
300,387311,no trend,0.7292835546303003,no trend,0.6058882424191032,no trend,0.5501639689004172,no trend,1.0,no trend,0.5819499883760664,mandal kendal
301,387411,increasing,0.03616869293503511,increasing,0.0003857424662738751,no trend,0.05111964590300455,increasing,0.005235067098604107,no trend,0.10682631410707732,mandal kendal
302,388011,increasing,0.0033103418890849667,increasing,1.849236985762559e-09,increasing,0.016969418814817283,increasing,0.04684756775882315,no trend,0.558254049726699,mandal kendal
303,388711,decreasing,0.015334765105453174,decreasing,1.7421629578961983e-06,no trend,0.12595846661409404,no trend,0.09387123350711768,no trend,0.1001233515064508,mandal kendal
304,388811,no trend,0.09406596717136018,increasing,0.004418306967343577,increasing,0.009930054567468538,no trend,0.15186483705956944,no trend,0.46950884827155814,mandal kendal
305,388911,no trend,0.22686645631903946,increasing,0.012048812348764093,no trend,,no trend,0.4277517930838526,no trend,0.46720336759839576,mandal kendal
306,389311,no trend,0.36571765127265143,no trend,0.0698636991922903,no trend,0.2703603825782559,no trend,0.14629484675724092,no trend,0.9041774974987764,mandal kendal
307,389411,no trend,0.07070008523490312,increasing,0.0030018057856853186,no trend,0.0603798888399083,no trend,0.12299885210214301,no trend,0.10974463874701312,mandal kendal
308,389511,decreasing,9.3999201516759e-05,decreasing,1.3866290845321316e-05,decreasing,0.018224878035469017,decreasing,0.0011473221579028081,no trend,0.15422155834878826,mandal kendal
309,390011,no trend,0.3478692888306112,no trend,0.08803164881296044,no trend,0.22892123637509698,no trend,0.633425866678794,no trend,0.7211867234888776,mandal kendal
310,390111,no trend,0.9686295788116106,no trend,0.9453539122333579,no trend,0.9650597703409882,no trend,0.8949307944152853,no trend,0.6646116295410063,mandal kendal
311,390311,no trend,0.9577165421483849,no trend,0.9369329931400716,no trend,0.9643883131043001,no trend,0.9637450048956271,no trend,0.6876175370308961,mandal kendal
312,390911,increasing,0.0059737301460405234,increasing,7.517553957692158e-05,increasing,0.01998632480023721,no trend,0.0656481165676277,no trend,0.37050198157603154,mandal kendal
313,391211,no trend,0.40670881384572133,no trend,0.34416616230971386,no trend,0.5937982348852437,no trend,0.8035469773647699,no trend,0.6488576262005392,mandal kendal
314,391411,no trend,0.14282404686481276,increasing,0.0009705355320430709,increasing,0.044516602535704664,no trend,0.4367377719340795,no trend,0.2936215439289058,mandal kendal
315,391511,no trend,0.3852167436542171,no trend,0.09495013677082409,no trend,0.5610959009253378,no trend,0.7462597309557428,no trend,0.36545426367067635,mandal kendal
316,391811,no trend,0.05813283688105697,increasing,0.00024761530934269693,no trend,0.11436451119648638,no trend,0.1615478220857125,no trend,0.16491482255330148,mandal kendal
317,392011,no trend,0.12625636469955248,no trend,0.05690363053547465,no trend,0.2298726686100201,no trend,0.10640518818770617,no trend,0.4617021372936825,mandal kendal
318,392211,increasing,0.0032197888287324172,increasing,2.630712130358148e-07,increasing,0.00023939586695731485,increasing,0.00151672340003417,no trend,0.226432896528175,mandal kendal
319,392311,no trend,0.055220024049372096,increasing,0.0012862711893859569,increasing,0.031414353578902654,no trend,0.122503526726913,no trend,0.42009331260852956,mandal kendal
320,392312,increasing,0.016620369856409578,increasing,0.0016193774828929808,no trend,0.12073702448216217,increasing,0.01848960945675815,no trend,0.35191317815047807,mandal kendal
321,392511,increasing,6.995390172770399e-05,increasing,6.923710599071597e-05,increasing,0.02142303014943847,increasing,0.000588810511332083,no trend,0.16960141349327573,mandal kendal
322,392711,no trend,0.06707002019228225,increasing,0.0014484202143176805,no trend,0.10550243164413264,no trend,0.187442790475691,no trend,1.0,mandal kendal
323,392721,no trend,0.7987976598110529,no trend,0.725411509140681,no trend,0.8754509505365906,no trend,0.6058216905523355,no trend,0.6242061147664058,mandal kendal
324,393411,increasing,0.009492573955966588,increasing,2.160105081472352e-06,increasing,0.001277894616142916,no trend,0.07598237857716894,no trend,0.8758960579229409,mandal kendal
325,393711,no trend,0.9298355192344685,no trend,0.8624968843030307,no trend,0.949022260232917,no trend,0.9088258570566288,no trend,1.0,mandal kendal
326,393712,no trend,0.365374452356948,no trend,0.09593205492877299,no trend,0.47989544930918226,no trend,0.5992448359443867,no trend,0.2663799233424826,mandal kendal
327,394011,increasing,0.0036580788335718317,increasing,2.7509743838471934e-07,increasing,0.0003366763073786583,no trend,0.08987584527548065,no trend,0.4658029092418441,mandal kendal
328,394012,no trend,0.4792071794268056,no trend,0.24222707021729306,no trend,0.6479169284345203,no trend,0.7374446539654809,no trend,0.5126907602619233,mandal kendal
329,394911,no trend,0.07617075403709084,increasing,0.000612564768950774,increasing,2.5418334104188034e-11,no trend,0.41131379177625904,no trend,0.31731050786291415,mandal kendal
330,395011,increasing,5.712567043847372e-06,increasing,7.246869770938247e-12,increasing,0.0007267586677073279,increasing,0.0009287565682645216,no trend,0.518533297282942,mandal kendal
331,395211,no trend,0.16701926756556595,increasing,0.005714973967664516,no trend,0.06689541916428898,no trend,0.6058216905523355,no trend,0.5126907602619233,mandal kendal
332,395911,no trend,0.7783959099546625,no trend,0.6798141818152059,no trend,0.7748894178014387,no trend,0.7503470236516971,no trend,0.27332167829229803,mandal kendal
333,395912,increasing,0.03836245526676274,increasing,0.0007304089010018444,increasing,0.046405495581940404,no trend,0.16487894112774248,no trend,0.9523739513675091,mandal kendal
334,396011,increasing,0.008251672256369469,no trend,0.05681572234708243,no trend,0.1988575260852079,increasing,0.01644717973615961,no trend,0.8079544568501698,mandal kendal
335,396211,no trend,0.1769261133125104,no trend,0.3928591636794265,no trend,0.6330552335185358,no trend,0.22251222972591078,no trend,0.7424482231346534,mandal kendal
336,396411,no trend,0.21423142361463343,no trend,0.37740746171764505,no trend,0.6227636492621866,no trend,0.15275661463202117,no trend,0.9501754593173075,mandal kendal
337,396811,increasing,0.029373494337800787,increasing,0.0003651708258687325,increasing,0.019657677089250036,increasing,0.028525021155610064,no trend,0.1939308522824108,mandal kendal
338,396821,decreasing,8.895715829537743e-05,decreasing,0.00016836333390046754,decreasing,0.03552305069557482,decreasing,0.0010782717056769808,no trend,0.24856324821718223,mandal kendal
339,397411,no trend,0.7067499266752093,no trend,0.7165048145406108,no trend,0.8500902860264294,no trend,0.6333628009669161,no trend,0.6784023758521882,mandal kendal
340,397821,increasing,0.0027798997514174584,increasing,9.14597717560639e-08,increasing,0.000404916798685484,increasing,0.00022856474472265909,no trend,0.18610299639445893,mandal kendal
341,398311,increasing,4.925350085827063e-05,increasing,6.352052217550863e-11,increasing,4.490797321565765e-06,increasing,0.0009390125330805965,no trend,0.09990607046250699,mandal kendal
342,398711,increasing,0.005960926189275462,increasing,0.0040953431397503515,no trend,0.05849494926767407,no trend,0.13602123842940794,no trend,0.49877534811539403,mandal kendal
343,399111,increasing,0.00026615055211420824,increasing,2.6481594694871546e-10,increasing,9.89304032916749e-07,increasing,0.0021114910066706294,no trend,0.087888916438154,mandal kendal
344,399112,increasing,0.00998280976737953,increasing,0.0002361846004366175,increasing,0.024244291016773722,no trend,0.0802916240629854,no trend,0.23476366282766925,mandal kendal
345,399611,increasing,0.037094310671304864,increasing,0.0006826434646469703,no trend,0.1271637867909099,no trend,0.18533523002570895,no trend,0.9222578596520619,mandal kendal
346,400111,increasing,3.197120838005496e-05,increasing,3.0953017926549364e-13,increasing,3.903195766596923e-09,increasing,0.00017006972136912601,no trend,0.1443997922130713,mandal kendal
347,400511,increasing,0.00022367428892078323,increasing,5.2331397881744124e-08,increasing,0.03843328861966122,increasing,0.004235752343632049,no trend,0.4634147610347412,mandal kendal
348,400512,increasing,0.03653760257577576,increasing,0.02550900256724331,no trend,0.2910642688479257,increasing,0.016671008803755383,no trend,0.8746258209760669,mandal kendal
349,400611,increasing,0.027467508386140427,increasing,7.593111502068872e-05,increasing,0.01810675984860466,no trend,0.20437590750816215,no trend,0.6529502372024738,mandal kendal
350,401211,increasing,4.9325681900525e-05,increasing,1.0040857034709916e-12,increasing,0.0013710505957258423,increasing,0.0012212466004204448,no trend,0.13063232309113504,mandal kendal
351,402211,no trend,0.0645458339177849,increasing,0.002755345886833238,increasing,0.04684960039825925,no trend,0.36131042852617856,no trend,0.6586874174078845,mandal kendal
352,403111,no trend,0.08597749992715187,decreasing,0.0016546091295770449,no trend,0.19620381041195945,no trend,0.06237278744774355,no trend,0.32795960487234677,mandal kendal
353,403411,no trend,0.11832341509982425,increasing,0.014468490463755979,no trend,0.301998593105437,no trend,0.1376416672528351,no trend,0.6723996796573648,mandal kendal
354,403611,no trend,0.08758633185138698,decreasing,0.007882413823129708,no trend,0.17160397190531018,decreasing,0.026954419542331243,no trend,0.10086095426924913,mandal kendal
355,403911,increasing,0.017174702994886548,increasing,0.005411237555730919,increasing,0.033408177244858894,increasing,0.033023936410214505,no trend,0.31487864133641996,mandal kendal
356,404311,increasing,0.043992521738317025,increasing,0.0033421230949364222,no trend,0.06705926057907408,no trend,0.17031047118644138,no trend,0.6650055421020291,mandal kendal
357,404312,increasing,0.043992521738317025,increasing,0.007596264319928547,increasing,0.04500215790553663,no trend,0.09693818842839907,no trend,1.0,mandal kendal
358,404512,no trend,0.1528532777368805,increasing,0.02086168657541454,no trend,0.15842287807480893,no trend,0.060602743057516895,no trend,0.10693585725518062,mandal kendal
359,404711,no trend,0.12316513737467116,increasing,0.004198860433955343,no trend,0.10778043750740651,increasing,0.04758964312346392,no trend,0.3061712135854915,mandal kendal
360,405511,no trend,0.32186945455885274,no trend,0.050298725276868295,no trend,,no trend,0.49625805196756967,no trend,0.5910015880312611,mandal kendal
361,405811,increasing,0.0005221212370130068,increasing,9.86846657280438e-07,increasing,0.03911874276466043,increasing,0.0003718074070684363,no trend,0.1050958525733654,mandal kendal
362,406111,no trend,0.1431535293139201,increasing,0.009885674121614896,no trend,0.20846937192052062,no trend,0.2558044079766164,no trend,0.739993725292198,mandal kendal
363,406112,no trend,0.15228483707516682,no trend,0.08127691234048329,no trend,0.3312874349562751,no trend,0.17234770401716615,no trend,0.7808531223723469,mandal kendal
364,406211,no trend,0.35743963329494965,no trend,0.23255354879447232,no trend,0.6252942663313363,no trend,0.20172449393037084,no trend,0.37285793639518316,mandal kendal
365,406511,no trend,0.546187230982097,no trend,0.3017664536672089,no trend,0.5351248252353029,no trend,0.2337787941840479,no trend,0.4759037832120643,mandal kendal
366,407411,increasing,0.033059176969251425,increasing,0.0007331321536354629,increasing,0.03161703327536203,increasing,0.0495830104714623,no trend,0.3132943966371182,mandal kendal
367,407811,increasing,4.4174365054772124e-07,increasing,2.398081733190338e-14,increasing,2.702526584963394e-06,increasing,1.5106173059109551e-06,no trend,0.10876900492655617,mandal kendal
368,407812,increasing,0.00017482777253685633,increasing,2.996162207224984e-09,increasing,0.0011293675577677131,increasing,0.0005169324744640491,no trend,0.1318124399652949,mandal kendal
369,407813,no trend,0.2844463200556031,increasing,0.04403404540628353,no trend,0.32546567415421146,no trend,0.28637234971496284,no trend,0.5441970982678068,mandal kendal
370,408011,increasing,0.03583113752925304,increasing,0.021597093296951808,no trend,0.18070850577819764,increasing,0.011445919635635793,no trend,0.2097986006178505,mandal kendal
371,408411,no trend,0.21414652698149728,no trend,0.05560916126402571,no trend,0.2553007679327459,no trend,0.12715299260001411,no trend,0.7913792337483654,mandal kendal
372,408412,no trend,0.4734209751421643,no trend,0.5330978622129945,no trend,0.7104520274780641,no trend,0.5914437399020236,no trend,0.5349252131384397,mandal kendal
373,408811,increasing,9.384872832418623e-06,increasing,0.0,increasing,0.008198836040647084,increasing,0.00016649912340538364,no trend,0.3523808651090834,mandal kendal
374,411111,no trend,0.07943224094210155,increasing,0.000856965126679432,no trend,0.09032621574277888,no trend,0.23459367347759486,no trend,0.7056656798477778,mandal kendal
375,411112,increasing,0.022617817298509202,increasing,0.0019588311339227005,no trend,0.09167917856993224,increasing,0.012419330651552318,no trend,0.4589989394526932,mandal kendal
376,411411,no trend,0.6473625594394006,no trend,0.569076583114072,no trend,0.7553529130812457,no trend,0.9595109415023166,no trend,0.32718687779030575,mandal kendal
